Material,Matl-Comp,Package Size,4.4 MSU转换,FormulaName,Type,Note,SUF,Brand,Seg
82200399,91929173,750,2513.854768,SHM BC156OG,PO shampoo,BC156oG1RJ301008 0.5PO 0.85RP HS,1.7503,HS,HKTW
82263821,95913253,80,5891.805035,SHM BC156MF,PO shampoo,BC156M  F1RT300127 Z1 1.30DVN HS,0.7468,HS,FGOI
91634147,90913972,70,161172.1612,COND BC840M68,Non AD conditioner,BC840M68-25 4.6TFS KTN 0.75Red PNT,0.0273,PTN,PACK
82280133,91112114,180,5237.47173,COND BC840M68,Non AD conditioner,BC840M68-25 KTN 4.5TFS 0.75RL PNT,0.8401,PTN,On going
82280131,91112111,180,5237.47173,COND BC840M68,Non AD conditioner,BC840M68-25 3.6TFS KTN 0.75Red PNT,0.8401,PTN,On going
82280125,90913972,180,5237.47173,COND BC840M68,Non AD conditioner,BC840M68-25 4.6TFS KTN 0.75Red PNT,0.8401,PTN,On going
82284661,91794172,210,4488.87982,COND BC840S75,Non AD conditioner,BC840S75-24 0Si KTN 0.5ChasingRainbowsMe,0.9802,VS,On going
82284671,91674266,210,4488.87982,COND BC840M68,Non AD conditioner,BC840M68-25 0Si KTN 0.8SnowWhiteMod 2,0.9802,VS,On going
82284689,91698297,210,4488.87982,COND BC840SC120GLY,Non AD conditioner,BC840Sc120-25-3Gly 0Si KTN 0.8LemonZinge,0.9802,VS,On going
82284540,91794179,210,4488.87982,COND BC840S75,Non AD conditioner,BC840S75-24 0Si KTN 0.65SummerNectar,0.9802,VS,On going
82288353,91730494,400,2356.722014,SHM BC177N,PO shampoo,BC177N G1XJ152000 o0.8 0.80 Mahonia,1.867,HS,On going
91931377,90913972,180,62857.14286,COND BC840M68,Non AD conditioner,BC840M68-25 4.6TFS KTN 0.75Red PNT,0.07,PTN,PACK
91890424,91794179,210,53921.56863,COND BC840S75,Non AD conditioner,BC840S75-24 0Si KTN 0.65SummerNectar,0.0816,VS,PACK
82275536,91295002,950,1984.66396,SHM BC156OG,PO shampoo,BC156o G1RJ302027 0.5PO 1.1Vi HS,2.217,HS,HKTW
82275537,91295005,950,1984.66396,SHM BC156OG,PO shampoo,BC156o G1RJ301008 0.5PO 1.1TS HS,2.217,HS,HKTW
82275538,91295024,950,1984.66396,SHM BC156OG,PO shampoo,BC156o G1RJ301008 0.5PO 1.1PR HS,2.217,HS,HKTW
82273922,90913972,70,6734.006734,COND BC840M68,Non AD conditioner,BC840M68-25 4.6TFS KTN 0.75Red PNT,0.6534,PTN,FGOI
82288128,91879267,400,2356.722014,SHM BC177N,PO shampoo,BC177N G1XJ152000 o0.8  0.80FGB HS,1.867,HS,On going
82288916,91879267,80,5891.805035,SHM BC177N,PO shampoo,BC177N G1XJ152000 o0.8  0.80FGB HS,0.7468,HS,FGOI
82290103,91947826,400,2356.722014,SHM BC156OG,PO shampoo,BC156o G1RJ302027 0.5PO 0.95Fl HS,1.867,HS,On going
82290116,91947826,80,5891.805035,SHM BC156OG,PO shampoo,BC156o G1RJ302027 0.5PO 0.95Fl HS,0.7468,HS,FGOI
91892051,91947826,80,141479.0997,SHM BC156OG,PO shampoo,BC156o G1RJ302027 0.5PO 0.95Fl HS,0.0311,HS,PACK
90512412,90528164,500,22622.10797,SHM BC89,Clear shampoo,BC89 HXs 0.05XL 0.9SN VS,0.1945,VS,PACK
82298697,90580288,400,4713.444028,COND BC840MD80,Non AD conditioner,BC840MD80-24 2.0TAS 0.05Tw KTN 1.2SMDMBN,0.9335,EC,On going
82280122,90913971,180,5237.47173,COND BC840M68,Non AD conditioner,BC840M68-25 4.1TFS KTN  0.75REDLINE BFM,0.8401,PTN,On going
91396819,91879267,80,141025.641,SHM BC177N,PO shampoo,BC177N G1XJ152000 o0.8  0.80FGB HS,0.0312,HS,PACK
82294020,91192934,180,5237.47173,COND BC264SD60,Non AD conditioner,BC264SD60 1.5TAS KTN 0.65HI HE,0.8401,HESS,On going
82294092,91192739,600,2094.839078,SHM BC89,Clear shampoo,BC89 HXs 0.05XL 1.0 HI Histidine Tlt,2.1004,HESS,On going
91080751,91192739,400,28277.63496,SHM BC89,Clear shampoo,BC89 HXs 0.05XL 1.0 HI Histidine Tlt,0.1556,HESS,PACK
91122243,91295024,1000,11311.05398,SHM BC156OG,PO shampoo,BC156o G1RJ301008 0.5PO 1.1PR HS,0.389,HS,WIP-HKTW
91081561,91295005,1000,11311.05398,SHM BC156OG,PO shampoo,BC156o G1RJ301008 0.5PO 1.1TS HS,0.389,HS,WIP-HKTW
91149542,91295002,1000,11311.05398,SHM BC156OG,PO shampoo,BC156o G1RJ302027 0.5PO 1.1Vi HS,0.389,HS,HKTW
91062202,91458815,200,56555.26992,SHM BC156OG,PO shampoo,C156o G1RJ301008 0.5PO 1.1CM HS,0.0778,HS,HKTW
91062191,91295005,200,56555.26992,SHM BC156OG,PO shampoo,BC156o G1RJ301008 0.5PO 1.1TS HS,0.0778,HS,WIP-HKTW
91145474,91295024,200,56555.26992,SHM BC156OG,PO shampoo,BC156o G1RJ301008 0.5PO 1.1PR HS,0.0778,HS,WIP-HKTW
91100794,91295002,200,56555.26992,SHM BC156OG,PO shampoo,BC156o G1RJ302027 0.5PO 1.1Vi HS,0.0778,HS,HKTW
91062191,91295005,200,56555.26992,SHM BC156OG,PO shampoo,BC156o G1RJ301008 0.5PO 1.1TS HS,0.0778,HS,WIP-HKTW
82316920,91297192,80,6068.965517,SHM BC188S,PO shampoo,BC188 S07X4000 0.8PO 1.1MSR,0.725,HS,FGOI
82317398,91265489,80,6068.965517,SHM BC188S,PO shampoo,BC188 S07X4000 0.8PO 1.1FGB,0.725,HS,FGOI
82322615,91709109,200,9427.898007,COND BC840S75,Non AD conditioner,BC840 S75-24 0.5T 0.5MidSum KTN Aussie,0.4667,Aussie,On going
82322614,91709062,300,6284.816455,SHM BC162CW,Clear shampoo,BC162C WM2500 0.55MidSum AU,0.7001,Aussie,On going
82325524,90076464,750,1294.650739,SHM BC109,Clear shampoo,BC109 P2005X10 0.5FR PNT,3.3986,PTN,On going
82325528,91802916,750,2513.854768,COND BC264MSF80,Non AD conditioner,BC264MSF80 2.5TAS KTN 0.7FR PNT,1.7503,PTN,On going
82325519,91792647,750,2513.854768,COND BC840M68,Non AD conditioner,BC840M68-25 4.3TFS KTN 0.8GS PNT,1.7503,PTN,On going
82325544,91802916,400,3534.988351,COND BC264MSF80,Non AD conditioner,BC264MSF80 2.5TAS KTN 0.7FR PNT,1.2447,PTN,On going
82325557,91802916,200,4713.444028,COND BC264MSF80,Non AD conditioner,BC264MSF80 2.5TAS KTN 0.7FR PNT,0.9335,PTN,On going
82325530,91792647,500,1885.418006,COND BC840M68,Non AD conditioner,BC840M68-25 4.3TFS KTN 0.8GS PNT,2.3337,PTN,On going
82325532,91821805,500,1885.418006,COND BC840M68,Non AD conditioner,BC840M68-25 4.2TFS KTN 0.8GS PNT,2.3337,PTN,On going
82325517,91821802,1000,1942.004678,SHM BC189T,Non AD shampoo,BC189T A17NKBP20072008G20S08 0.8GS PNT,2.2657,PTN,On going
82325565,91432544,300,3236.722083,SHM BC89,Clear shampoo,BC89 HXs 0.05XL 0.9 SunCit Histidine CL,1.3594,PTN,On going
82325547,91792647,200,4713.444028,COND BC840M68,Non AD conditioner,BC840M68-25 4.3TFS KTN 0.8GS PNT,0.9335,PTN,On going
82325550,91821805,200,4713.444028,COND BC840M68,Non AD conditioner,BC840M68-25 4.2TFS KTN 0.8GS PNT,0.9335,PTN,On going
82325525,91814437,750,2513.854768,COND BC840MD67GLY,Non AD conditioner,BC840MD67-24 3.0Gly 1.5TAS KTN 0.7FR PNT,1.7503,PTN,On going
82325564,91631727,530,1778.712051,COND BC840M68,Non AD conditioner,BC840M68-25 Nil Sil KTN 0.65SunnyCit PNT,2.4737,PTN,On going
82325522,91821805,750,2513.854768,COND BC840M68,Non AD conditioner,BC840M68-25 4.2TFS KTN 0.8GS PNT,1.7503,PTN,On going
82325558,90076490,200,2427.452278,SHM BC162H LR,Non AD shampoo,BC162H LR3520 0.5FR Histidine PTN,1.8126,PTN,On going
82325563,91432544,530,1832.035641,SHM BC89,Clear shampoo,BC89 HXs 0.05XL 0.9 SunCit Histidine CL,2.4017,PTN,On going
82325527,90086515,750,1294.650739,SHM BC109 ,Clear shampoo,BC109 P30R20D02 0.5FR PNT,3.3986,PTN,On going
82325518,91781351,1000,1942.004678,SHM BC189H,Non AD shampoo,BC189H Q20R40G10L30 0.8GS PNT,2.2657,PTN,On going
82325604,91821802,750,1294.650739,SHM BC189T,Non AD shampoo,BC189T A17NKBP20072008G20S08 0.8GS PNT,3.3986,PTN,On going
82325521,91781351,750,1294.650739,SHM BC189H,Non AD shampoo,BC189H Q20R40G10L30 0.8GS PNT,3.3986,PTN,On going
91976237,91781351,500,23305.08475,SHM BC189H,Non AD shampoo,BC189H Q20R40G10L30 0.8GS PNT,0.1888,PTN,PACK
91907834,91821802,500,22622.10797,SHM BC189T,Non AD shampoo,BC189T A17NKBP20072008G20S08 0.8GS PNT,0.1945,PTN,PACK
91975023,91792647,500,22622.10797,COND BC840M68,Non AD conditioner,BC840M68-25 4.3TFS KTN 0.8GS PNT,0.1945,PTN,PACK
91925036,91781351,400,28277.63496,SHM BC189H,Non AD shampoo,BC189H Q20R40G10L30 0.8GS PNT,0.1556,PTN,PACK
91974475,91821802,400,28277.63496,SHM BC189T,Non AD shampoo,BC189T A17NKBP20072008G20S08 0.8GS PNT,0.1556,PTN,PACK
91975031,91821805,500,22622.10797,COND BC840M68,Non AD conditioner,BC840M68-25 4.2TFS KTN 0.8GS PNT,0.1945,PTN,PACK
91962644,91821805,200,56555.26992,COND BC840M68,Non AD conditioner,BC840M68-25 4.2TFS KTN 0.8GS PNT,0.0778,PTN,PACK
91934371,91792647,200,56555.26992,COND BC840M68,Non AD conditioner,BC840M68-25 4.3TFS KTN 0.8GS PNT,0.0778,PTN,PACK
80680269,97407902,150,4888.888889,COND BC264SD80P,Non AD conditioner,BC264 SD80P 0.2PEG 5T KTN 0.7SWMod2 VS,0.9,VS,HKTW
91924601,91821802,750,15083.9904,SHM BC189T,Non AD shampoo,BC189T A17NKBP20072008G20S08 0.8GS PNT,0.2917,PTN,On going
80681731,91458814,750,2513.854768,SHM BC156OG,PO shampoo,BC156o G1RJ300108 0.5PO 1.1TS HS,1.7503,HS,HKTW
80681733,91912059,750,2513.854768,SHM BC156OG,PO shampoo,BC156oG1RJ301008 0.5PO 1.1PM HS,1.7503,HS,HKTW
80681734,91878920,750,2513.854768,COND BC27S109,PO conditioner,BC27 S109-20 0.25PO 0.66PDMS NaBz 0.55V,1.7503,HS,HKTW
80681744,91295002,750,2513.854768,SHM BC156OG,PO shampoo,BC156o G1RJ302027 0.5PO 1.1Vi HS,1.7503,HS,HKTW
80681737,91295005,750,2513.854768,SHM BC156OG,PO shampoo,BC156o G1RJ301008 0.5PO 1.1TS HS,1.7503,HS,HKTW
80681741,91295024,750,2513.854768,SHM BC156OG,PO shampoo,BC156o G1RJ301008 0.5PO 1.1PR HS,1.7503,HS,HKTW
80681745,91879267,500,1885.418006,SHM BC177N,PO shampoo,BC177N G1XJ152000 o0.8  0.80FGB HS,2.3337,HS,HKTW
80681730,91458814,750,2513.854768,SHM BC156OG,PO shampoo,BC156o G1RJ300108 0.5PO 1.1TS HS,1.7503,HS,HKTW
80684279,91458814,950,2027.276078,SHM BC156OG,PO shampoo,BC156o G1RJ300108 0.5PO 1.1TS HS,2.1704,HS,HKTW
80681747,91458815,750,2513.854768,SHM BC156OG,PO shampoo,C156o G1RJ301008 0.5PO 1.1CM HS,1.7503,HS,HKTW
80681738,91878483,750,2513.854768,SHM BC156OG,PO shampoo,BC156oG1RJ301008 0.5PO 0.90CM HS,1.7503,HS,HKTW
80681746,91912133,500,1885.418006,SHM BC156OG,PO shampoo,BC156oG1RJ301000 0.5PO 1.1CM HS,2.3337,HS,HKTW
91937742,90606580,750,15083.9904,SHM BC156OG,PO shampoo,BC156oG1RJ301027 0.5PO 1.3JJ HS,0.2917,HS,WIP-HKTW
91915856,90606670,750,15083.9904,SHM BC156OG,PO shampoo,BC156oG1RJ301027 0.5PO 1.5MM HS,0.2917,HS,WIP-HKTW
80681724,91295005,1200,1571.148009,SHM BC156OG,PO shampoo,BC156o G1RJ301008 0.5PO 1.1TS HS,2.8005,HS,HKTW
80681725,91295002,1200,1571.148009,SHM BC156OG,PO shampoo,BC156o G1RJ302027 0.5PO 1.1Vi HS,2.8005,HS,HKTW
80681727,91295005,1000,1885.418006,SHM BC156OG,PO shampoo,BC156o G1RJ301008 0.5PO 1.1TS HS,2.3337,HS,HKTW
80681728,91295024,1000,1885.418006,SHM BC156OG,PO shampoo,BC156o G1RJ301008 0.5PO 1.1PR HS,2.3337,HS,HKTW
80681729,91295002,1000,1885.418006,SHM BC156OG,PO shampoo,BC156o G1RJ302027 0.5PO 1.1Vi HS,2.3337,HS,HKTW
80681726,91295024,1200,1571.148009,SHM BC156OG,PO shampoo,BC156o G1RJ301008 0.5PO 1.1PR HS,2.8005,HS,HKTW
80681748,91458814,400,2356.722014,SHM BC156OG,PO shampoo,BC156o G1RJ300108 0.5PO 1.1TS HS,1.867,HS,HKTW
80681740,91295024,750,2513.854768,SHM BC156OG,PO shampoo,BC156o G1RJ301008 0.5PO 1.1PR HS,1.7503,HS,HKTW
80681736,91295005,750,2513.854768,SHM BC156OG,PO shampoo,BC156o G1RJ301008 0.5PO 1.1TS HS,1.7503,HS,HKTW
80681742,91458813,750,2513.854768,SHM BC156OG,PO shampoo,BC156o G1RJ301008 0.5PO 1.1PM HS,1.7503,HS,HKTW
80681750,91295024,400,2356.722014,SHM BC156OG,PO shampoo,BC156o G1RJ301008 0.5PO 1.1PR HS,1.867,HS,HKTW
80681751,91295002,400,2356.722014,SHM BC156OG,PO shampoo,BC156o G1RJ302027 0.5PO 1.1Vi HS,1.867,HS,HKTW
90125676,91730494,500,23706.89655,SHM BC177N,PO shampoo,BC177N G1XJ152000 o0.8 0.80 Mahonia,0.1856,HS,PACK
80681743,91295002,750,2513.854768,SHM BC156OG,PO shampoo,BC156o G1RJ302027 0.5PO 1.1Vi HS,1.7503,HS,HKTW
80688985,91265296,500,1976.284585,SHM BC188S,PO shampoo,BC188 S07X4000 0.5PO 1.1FL HS,2.2264,HS,HKTW
80688983,91297192,300,3236.722083,SHM BC188S,PO shampoo,BC188 S07X4000 0.8PO 1.1MSR,1.3594,HS,HKTW
80688984,91265489,300,3236.722083,SHM BC188S,PO shampoo,BC188 S07X4000 0.8PO 1.1FGB,1.3594,HS,HKTW
80681732,91912059,750,2513.854768,SHM BC156OG,PO shampoo,BC156oG1RJ301008 0.5PO 1.1PM HS,1.7503,HS,HKTW
80681739,91888327,750,2513.854768,SHM BC156OG,PO shampoo,BC156oG1RJ301008 0.5PO 1.1CM HS,1.7503,HS,HKTW
80684549,91342393,500,1976.284585,SHM BC156OG,PO shampoo,BC156O G1RJ301008 0.5PO 0.8FGB HS,2.2264,HS,HKTW
80681735,91878920,750,2513.854768,COND BC27S109,PO conditioner,BC27 S109-20 0.25PO 0.66PDMS NaBz 0.55V,1.7503,HS,HKTW
82326901,91802249,200,4713.444028,COND B96,PO conditioner,B96-24 0.25PO 0.5TAS NaBz 0.8SE RJ,0.9335,EC,On going
80691401,90151029,500,1942.004678,SHM BC162H QRZ,AD shampoo,BC162H QRz2521 KTN 0.5ZPT 0.55SW VS,2.2657,VS,On going
80691169,90151038,460,2110.817942,SHM BC162H VR,Non AD shampoo,BC162H VR2006 KTN 0.2Mosa 0.6Atlas VS,2.0845,VS,On going
82326874,90074190,400,2427.452278,SHM BC109 ,Clear shampoo,BC109 P30R20D00 1.0MM RJ,1.8126,EC,On going
80691426,90150889,750,1294.650739,SHM BC162H QR,Non AD shampoo,BC162H QR5015 0.55SW VS,3.3986,VS,On going
82326932,90074245,750,1294.650739,SHM BC198O,Non AD shampoo,BC198 O1RP151020L 0.7MB RJ,3.3986,EC,On going
82326923,91830918,500,1942.004678,SHM BC198O,Non AD shampoo,BC198 O1RP151020L 0.7MB RJ,2.2657,EC,On going
80690328,90069878,200,2427.586207,SHM BC177N,PO shampoo,BC177N G1XJ152000 o0.5 1.0PR HS,1.8125,HS,On going
82326949,91873865,530,1832.035641,SHM BC198O,Non AD shampoo,BC198 O1RP151020L 1.3MDM RJ,2.4017,EC,On going
82326891,91838780,530,1778.712051,COND BC840MD80,Non AD conditioner,BC840MD80-24 2.0TAS 0.05Tw KTN 1.2MDM RJ,2.4737,EC,On going
82326892,91775632,300,3142.408227,COND B96,PO conditioner,B96-24 0.25PO 0.5TAS NaBz 1.2MM RJ,1.4002,EC,On going
80691399,90159856,400,4713.444028,COND BC840MD67,Non AD conditioner,BC840 MD67-24 T2.25 KTN 0.05Htd 0.7SW VS,0.9335,VS,On going
80691428,90152672,750,2513.854768,COND BC840MD67,Non AD conditioner,BC840MD67-24 T2.25 KTN 0.03Hist 0.7SW VS,1.7503,VS,On going
80691427,90140942,750,2513.854768,COND BC840MD67,Non AD conditioner,BC840 MD67-24 T2.5 KTN 0.03Hist 0.7SW VS,1.7503,VS,On going
80691429,90163858,750,2513.854768,COND BC840MD67,Non AD conditioner,BC840MD67-24 T2.75 KTN 0.03Hist 0.7SW VS,1.7503,VS,On going
80691380,90164576,200,2427.452278,SHM BC162H QR,Non AD shampoo,BC162H QR5015 KTN 0.01Hist 0.55SW VS,1.8126,VS,On going
80690320,90069889,400,2427.586207,SHM BC156OF,AD shampoo,BC156o F1RT300127 0.5PO 0.85VA HS,1.8125,HS,On going
80690222,90067037,400,4713.444028,COND BC27S109,PO conditioner,BC27 S109-20 0.25PO 0.66PDMS 0.5FGB NaBz,0.9335,HS,On going
80691400,90151017,400,4713.444028,COND BC840MD67,Non AD conditioner,BC840 MD67-24 T2.25 KTN 0.03Htd 0.7SW VS,0.9335,VS,On going
80690313,90084778,200,2427.586207,SHM BC156OF,AD shampoo,BC156o F1RT300108 0.5PO 1.1CMM HS,1.8125,HS,On going
80690333,90067030,200,2427.586207,SHM BC156OF,AD shampoo,BC156o F1RT300110 0.5PO 0.8FGB HS,1.8125,HS,On going
82326899,91830394,400,4713.444028,COND BC840MD80,Non AD conditioner,BC840MD80-24 2.0TAS 0.05Tw KTN 0.6MB RJ,0.9335,EC,On going
82326902,91830496,400,4713.444028,COND BC840MD80,Non AD conditioner,BC840MD80-24 2.0TAS 0.05Tw KTN 0.6MB RJ,0.9335,EC,On going
90230020,91112114,180,62857.14286,COND BC840M68,Non AD conditioner,BC840M68-25 KTN 4.5TFS 0.75RL PNT,0.07,PTN,On going
90237636,91112111,180,62857.14286,COND BC840M68,Non AD conditioner,BC840M68-25 3.6TFS KTN 0.75Red PNT,0.07,PTN,PACK
80694119,90142368,1000,1942.004678,SHM BC156OF,AD shampoo,BC156o F1RT300127 0.5PO 0.85Vi HS,2.2657,HS,On going
80693850,90148173,400,2427.586207,SHM BC156OF,AD shampoo,BC156o F1RT300106 0.5PO 1.1TS HS,1.8125,HS,On going
80693830,90169500,400,2427.586207,SHM BC156OF,AD shampoo,BC156o F1RT300108 0.5PO 1.1TS HS,1.8125,HS,On going
80693844,90167254,400,2427.586207,SHM BC156OF,AD shampoo,BC156o F1RT300106 0.5PO 1.1PR HS,1.8125,HS,On going
80693843,90142374,200,4855.4403,COND BC27S109,PO conditioner,BC27 S109-20 0.25PO 0.66PDMS 0.55Vi NaBz,0.9062,HS,On going
80693834,90142374,400,4855.4403,COND BC27S109,PO conditioner,BC27 S109-20 0.25PO 0.66PDMS 0.55Vi NaBz,0.9062,HS,On going
80694650,90206651,750,1256.927384,SHM BC162H VR,Non AD shampoo,BC162H VR5005 KTN 0.6SW VS,3.5006,VS,On going
80694649,90189232,750,2513.854768,COND BC264MSF80,Non AD conditioner,BC264 MSF80 T4.1 KTN 0.03Hist 0.7SW VS,1.7503,VS,On going
80696032,97145381,300,6284.816455,SHM BC162H VR,Non AD shampoo,BC162H VR3000 0.85OP Mac JSO AO OR,0.7001,Aussie,On going
80695634,91432184,700,2774.274905,SHM BC162H QP,Non AD shampoo,BC162H QP1020 0.6 FR Histidine PTN,1.586,PTN,HKTW
80697848,90913972,260,3625.875567,COND BC840M68,Non AD conditioner,BC840M68-25 4.6TFS KTN 0.75Red PNT,1.2135,PTN,On going
82326890,91775632,530,1778.712051,COND B96,PO conditioner,B96-24 0.25PO 0.5TAS NaBz 1.2MM RJ,2.4737,EC,On going
82326927,91830918,700,1387.137453,SHM BC198O,Non AD shampoo,BC198 O1RP151020L 0.7MB RJ,3.172,EC,GBU
80694648,90206651,400,2427.452278,SHM BC162H VR,Non AD shampoo,BC162H VR5005 KTN 0.6SW VS,1.8126,VS,On going
82326941,91830918,400,2427.452278,SHM BC198O,Non AD shampoo,BC198 O1RP151020L 0.7MB RJ,1.8126,EC,On going
82326875,90074190,750,1294.650739,SHM BC109 ,Clear shampoo,BC109 P30R20D00 1.0MM RJ,3.3986,EC,On going
82326938,90074245,400,2427.452278,SHM BC198O,Non AD shampoo,BC198 O1RP151020L 0.7MB RJ,1.8126,EC,On going
80690311,90069889,200,2427.586207,SHM BC156OF,AD shampoo,BC156o F1RT300127 0.5PO 0.85VA HS,1.8125,HS,On going
82326900,91830394,200,4713.444028,COND BC840MD80,Non AD conditioner,BC840MD80-24 2.0TAS 0.05Tw KTN 0.6MB RJ,0.9335,EC,On going
82326896,91802249,400,4713.444028,COND B96,PO conditioner,B96-24 0.25PO 0.5TAS NaBz 0.8SE RJ,0.9335,EC,On going
82326933,90074245,200,2427.452278,SHM BC198O,Non AD shampoo,BC198 O1RP151020L 0.7MB RJ,1.8126,EC,On going
82326918,91830918,200,2427.452278,SHM BC198O,Non AD shampoo,BC198 O1RP151020L 0.7MB RJ,1.8126,EC,On going
82327313,90074190,200,2427.452278,SHM BC109 ,Clear shampoo,BC109 P30R20D00 1.0MM RJ,1.8126,EC,On going
82326904,91830496,200,4713.444028,COND BC840MD80,Non AD conditioner,BC840MD80-24 2.0TAS 0.05Tw KTN 0.6MB RJ,0.9335,EC,On going
90219426,91830918,400,28277.63496,SHM BC198O,Non AD shampoo,BC198 O1RP151020L 0.7MB RJ,0.1556,EC,PACK
90222866,91838780,530,21338.5063,COND BC840MD80,Non AD conditioner,BC840MD80-24 2.0TAS 0.05Tw KTN 1.2MDM RJ,0.2062,EC,Pack
90239985,91830394,200,56555.26992,COND BC840MD80,Non AD conditioner,BC840MD80-24 2.0TAS 0.05Tw KTN 0.6MB RJ,0.0778,EC,PACK
80690315,90084778,750,1294.650739,SHM BC156OF,AD shampoo,BC156o F1RT300108 0.5PO 1.1CMM HS,3.3986,HS,On going
90227655,91873865,530,21348.85978,SHM BC198O,Non AD shampoo,BC198 O1RP151020L 1.3MDM RJ,0.2061,EC,PACK
80691386,90140942,200,4713.444028,COND BC840MD67,Non AD conditioner,BC840 MD67-24 T2.5 KTN 0.03Hist 0.7SW VS,0.9335,VS,On going
80691376,90140942,400,4713.444028,COND BC840MD67,Non AD conditioner,BC840 MD67-24 T2.5 KTN 0.03Hist 0.7SW VS,0.9335,VS,On going
80691421,90164576,750,1294.650739,SHM BC162H QR,Non AD shampoo,BC162H QR5015 KTN 0.01Hist 0.55SW VS,3.3986,VS,On going
80691388,90164576,400,2427.452278,SHM BC162H QR,Non AD shampoo,BC162H QR5015 KTN 0.01Hist 0.55SW VS,1.8126,VS,On going
82326936,91830918,750,1294.650739,SHM BC198O,Non AD shampoo,BC198 O1RP151020L 0.7MB RJ,3.3986,EC,On going
90219684,91830918,200,56555.26992,SHM BC198O,Non AD shampoo,BC198 O1RP151020L 0.7MB RJ,0.0778,EC,PACK
82326945,91802249,750,2513.854768,COND B96,PO conditioner,B96-24 0.25PO 0.5TAS NaBz 0.8SE RJ,1.7503,EC,On going
82326898,91830394,750,2513.854768,COND BC840MD80,Non AD conditioner,BC840MD80-24 2.0TAS 0.05Tw KTN 0.6MB RJ,1.7503,EC,On going
80691171,90151038,700,2774.274905,SHM BC162H VR,Non AD shampoo,BC162H VR2006 KTN 0.2Mosa 0.6Atlas VS,1.586,VS,On going
82326925,91830918,1000,1942.004678,SHM BC198O,Non AD shampoo,BC198 O1RP151020L 0.7MB RJ,2.2657,EC,On going
80690321,90069878,400,2427.586207,SHM BC177N,PO shampoo,BC177N G1XJ152000 o0.5 1.0PR HS,1.8125,HS,On going
80691374,90152672,200,4713.444028,COND BC840MD67,Non AD conditioner,BC840MD67-24 T2.25 KTN 0.03Hist 0.7SW VS,0.9335,VS,On going
80690330,90084778,400,2427.586207,SHM BC156OF,AD shampoo,BC156o F1RT300108 0.5PO 1.1CMM HS,1.8125,HS,On going
80694114,90148173,1000,1942.004678,SHM BC156OF,AD shampoo,BC156o F1RT300106 0.5PO 1.1TS HS,2.2657,HS,On going
80700917,96805062,400,4713.444028,COND BC264MD50,Non AD conditioner,BC264 MD50 1.0TAS KTN 0.6Silkroad Bloom,0.9335,DC,On going
80693842,90148173,750,1294.650739,SHM BC156OF,AD shampoo,BC156o F1RT300106 0.5PO 1.1TS HS,3.3986,HS,On going
80700916,96805065,200,4713.444028,COND BC264MD50,Non AD conditioner,BC264 MD50 0.5TAS KTN 0.6 Silkroad Bloom,0.9335,DC,On going
80700915,96805065,400,4713.444028,COND BC264MD50,Non AD conditioner,BC264 MD50 0.5TAS KTN 0.6 Silkroad Bloom,0.9335,DC,On going
80693828,90142368,200,2427.586207,SHM BC156OF,AD shampoo,BC156o F1RT300127 0.5PO 0.85Vi HS,1.8125,HS,On going
80693827,90142368,400,2427.586207,SHM BC156OF,AD shampoo,BC156o F1RT300127 0.5PO 0.85Vi HS,1.8125,HS,On going
80700918,96805062,200,4713.444028,COND BC264MD50,Non AD conditioner,BC264 MD50 1.0TAS KTN 0.6Silkroad Bloom,0.9335,DC,On going
82326913,91873865,300,3236.722083,SHM BC198O,Non AD shampoo,BC198 O1RP151020L 1.3MDM RJ,1.3594,EC,On going
90260295,90142368,400,28277.63496,SHM BC156OF,AD shampoo,BC156o F1RT300127 0.5PO 0.85Vi HS,0.1556,HS,PACK
90266173,90142368,200,58278.1457,SHM BC156OF,AD shampoo,BC156o F1RT300127 0.5PO 0.85Vi HS,0.0755,HS,PACK
90260296,90148173,200,58278.1457,SHM BC156OF,AD shampoo,BC156o F1RT300106 0.5PO 1.1TS HS,0.0755,HS,PACK
90266169,90142368,700,16647.74877,SHM BC156OF,AD shampoo,BC156o F1RT300127 0.5PO 0.85Vi HS,0.2643,HS,PACK
90239581,91830918,500,22622.10797,SHM BC198O,Non AD shampoo,BC198 O1RP151020L 0.7MB RJ,0.1945,EC,PACK
90239988,91830394,500,22622.10797,COND BC840MD80,Non AD conditioner,BC840MD80-24 2.0TAS 0.05Tw KTN 0.6MB RJ,0.1945,EC,PACK
80691375,90152672,400,4713.444028,COND BC840MD67,Non AD conditioner,BC840MD67-24 T2.25 KTN 0.03Hist 0.7SW VS,0.9335,VS,On going
90267690,90148173,400,28277.63496,SHM BC156OF,AD shampoo,BC156o F1RT300106 0.5PO 1.1TS HS,0.1556,HS,PACK
80700920,90067030,1000,1942.004678,SHM BC156OF,AD shampoo,BC156o F1RT300110 0.5PO 0.8FGB HS,2.2657,HS,On going
80693829,90169500,750,1294.650739,SHM BC156OF,AD shampoo,BC156o F1RT300108 0.5PO 1.1TS HS,3.3986,HS,On going
80694124,90169500,200,2427.586207,SHM BC156OF,AD shampoo,BC156o F1RT300108 0.5PO 1.1TS HS,1.8125,HS,On going
80694652,90189232,400,4713.444028,COND BC264MSF80,Non AD conditioner,BC264 MSF80 T4.1 KTN 0.03Hist 0.7SW VS,0.9335,VS,On going
90269995,91830918,600,18851.75664,SHM BC198O,Non AD shampoo,BC198 O1RP151020L 0.7MB RJ,0.2334,EC,Pack
82326897,91830496,750,2513.854768,COND BC840MD80,Non AD conditioner,BC840MD80-24 2.0TAS 0.05Tw KTN 0.6MB RJ,1.7503,EC,On going
82326893,91838780,300,3142.408227,COND BC840MD80,Non AD conditioner,BC840MD80-24 2.0TAS 0.05Tw KTN 1.2MDM RJ,1.4002,EC,On going
80690331,90067030,400,2427.586207,SHM BC156OF,AD shampoo,BC156o F1RT300110 0.5PO 0.8FGB HS,1.8125,HS,On going
80693821,90167254,200,2427.586207,SHM BC156OF,AD shampoo,BC156o F1RT300106 0.5PO 1.1PR HS,1.8125,HS,On going
80694121,90142368,1280,1517.189062,SHM BC156OF,AD shampoo,BC156o F1RT300127 0.5PO 0.85Vi HS,2.9001,HS,On going
80694116,90148173,1280,1517.189062,SHM BC156OF,AD shampoo,BC156o F1RT300106 0.5PO 1.1TS HS,2.9001,HS,On going
80694110,90169500,1280,1517.189062,SHM BC156OF,AD shampoo,BC156o F1RT300108 0.5PO 1.1TS HS,2.9001,HS,On going
80691398,90163858,400,4713.444028,COND BC840MD67,Non AD conditioner,BC840MD67-24 T2.75 KTN 0.03Hist 0.7SW VS,0.9335,VS,On going
90227222,91830918,750,15078.82111,SHM BC198O,Non AD shampoo,BC198 O1RP151020L 0.7MB RJ,0.2918,EC,PACK
80693836,90167254,750,1294.650739,SHM BC156OF,AD shampoo,BC156o F1RT300106 0.5PO 1.1PR HS,3.3986,HS,On going
90277290,90074190,500,22622.10797,SHM BC109 ,Clear shampoo,BC109 P30R20D00 1.0MM RJ,0.1945,EC,Pack
90242850,90148173,500,23305.08475,SHM BC156OF,AD shampoo,BC156o F1RT300106 0.5PO 1.1TS HS,0.1888,HS,PACK
90222863,91830394,400,28277.63496,COND BC840MD80,Non AD conditioner,BC840MD80-24 2.0TAS 0.05Tw KTN 0.6MB RJ,0.1556,EC,Pack
80693851,90148173,930,2088.178065,SHM BC156OF,AD shampoo,BC156o F1RT300106 0.5PO 1.1TS HS,2.1071,HS,On going
80690220,90088408,400,4713.444028,COND B96,PO conditioner,B96-24 0.25PO 1TAS NaBz 0.5VA HS,0.9335,HS,On going
90242843,90140942,400,28277.63496,COND BC840MD67,Non AD conditioner,BC840 MD67-24 T2.5 KTN 0.03Hist 0.7SW VS,0.1556,VS,Pack
90242034,90164576,500,22622.10797,SHM BC162H QR,Non AD shampoo,BC162H QR5015 KTN 0.01Hist 0.55SW VS,0.1945,VS,Pack
80691438,90163858,500,1885.418006,COND BC840MD67,Non AD conditioner,BC840MD67-24 T2.75 KTN 0.03Hist 0.7SW VS,2.3337,VS,Pack
90255475,90163858,400,28277.63496,COND BC840MD67,Non AD conditioner,BC840MD67-24 T2.75 KTN 0.03Hist 0.7SW VS,0.1556,VS,Pack
80690334,90067030,750,1294.650739,SHM BC156OF,AD shampoo,BC156o F1RT300110 0.5PO 0.8FGB HS,3.3986,HS,On going
90284794,90169500,650,17467.24891,SHM BC156OF,AD shampoo,BC156o F1RT300108 0.5PO 1.1TS HS,0.2519,HS,PACK
90242918,90163858,500,22622.10797,COND BC840MD67,Non AD conditioner,BC840MD67-24 T2.75 KTN 0.03Hist 0.7SW VS,0.1945,VS,Pack
80694111,90167254,1000,1942.004678,SHM BC156OF,AD shampoo,BC156o F1RT300106 0.5PO 1.1PR HS,2.2657,HS,On going
80693852,90142368,750,1294.650739,SHM BC156OF,AD shampoo,BC156o F1RT300127 0.5PO 0.85Vi HS,3.3986,HS,On going
80691387,90163858,200,4713.444028,COND BC840MD67,Non AD conditioner,BC840MD67-24 T2.75 KTN 0.03Hist 0.7SW VS,0.9335,VS,On going
80690323,90069889,750,1294.650739,SHM BC156OF,AD shampoo,BC156o F1RT300127 0.5PO 0.85VA HS,3.3986,HS,On going
80691397,90150889,400,2427.452278,SHM BC162H QR,Non AD shampoo,BC162H QR5015 0.55SW VS,1.8126,VS,On going
90260215,90142368,500,23305.08475,SHM BC156OF,AD shampoo,BC156o F1RT300127 0.5PO 0.85Vi HS,0.1888,HS,PACK
90260229,90148173,680,17133.95639,SHM BC156OF,AD shampoo,BC156o F1RT300106 0.5PO 1.1TS HS,0.2568,HS,PACK
90267707,90148173,80,145695.3642,SHM BC156OF,AD shampoo,BC156o F1RT300106 0.5PO 1.1TS HS,0.0302,HS,PACK
90276745,91873865,300,37703.51328,SHM BC198O,Non AD shampoo,BC198 O1RP151020L 1.3MDM RJ,0.1167,EC,Pack
90250600,90164576,750,15083.9904,SHM BC162H QR,Non AD shampoo,BC162H QR5015 KTN 0.01Hist 0.55SW VS,0.2917,VS,Pack
90267708,90140942,200,56555.26992,COND BC840MD67,Non AD conditioner,BC840 MD67-24 T2.5 KTN 0.03Hist 0.7SW VS,0.0778,VS,Pack
90273525,90164576,400,28277.63496,SHM BC162H QR,Non AD shampoo,BC162H QR5015 KTN 0.01Hist 0.55SW VS,0.1556,VS,Pack
90266170,90148173,700,16647.74877,SHM BC156OF,AD shampoo,BC156o F1RT300106 0.5PO 1.1TS HS,0.2643,HS,PACK
80704146,91709062,530,2371.58411,SHM BC162CW,Clear shampoo,BC162C WM2500 0.55MidSum AU,1.8553,Aussie,On going
80693846,90148173,700,1387.137453,SHM BC156OF,AD shampoo,BC156o F1RT300106 0.5PO 1.1TS HS,3.172,HS,On going
80693841,90169500,930,2088.178065,SHM BC156OF,AD shampoo,BC156o F1RT300108 0.5PO 1.1TS HS,2.1071,HS,On going
80695639,91810317,700,2693.437806,COND BC840SC120,Non AD conditioner,BC840Sc120-25 2.5TAS KTN 0.8GS PNT,1.6336,PTN,HKTW
80695626,91802916,700,2693.437806,COND BC264MSF80,Non AD conditioner,BC264MSF80 2.5TAS KTN 0.7FR PNT,1.6336,PTN,HKTW
80695638,90091798,700,2774.274905,SHM BC189H,Non AD shampoo,BC189H Q20R40G10L28 0.7GS PNT,1.586,PTN,HKTW
80695628,90086515,700,2774.274905,SHM BC109 ,Clear shampoo,BC109 P30R20D02 0.5FR PNT,1.586,PTN,HKTW
80695631,91882661,700,2774.274905,SHM BC156CG,Climbazole shampoo,BC156c G1RJ301010 0.45C 0.7FR HS,1.586,PTN,HKTW
80694125,90148173,80,6068.965517,SHM BC156OF,AD shampoo,BC156o F1RT300106 0.5PO 1.1TS HS,0.725,HS,FGOI
80694123,90142368,80,6068.965517,SHM BC156OF,AD shampoo,BC156o F1RT300127 0.5PO 0.85Vi HS,0.725,HS,FGOI
80703933,90276496,450,2157.708905,SHM BC156OF,AD shampoo,BC156o F1RT300116 0.5PO 1.20JJF HS,2.0392,HS,On going
80703934,90276491,450,2157.708905,SHM BC156OF,AD shampoo,BC156o F1RT300116 0.5PO 1.30DaphneVN HS,2.0392,HS,On going
80695636,90076464,700,2774.274905,SHM BC109 ,Clear shampoo,BC109 P2005X10 0.5FR PNT,1.586,PTN,HKTW
80695642,91814437,700,2693.437806,COND BC840MD67GLY,Non AD conditioner,BC840MD67-24 3.0Gly 1.5TAS KTN 0.7FR PNT,1.6336,PTN,HKTW
80695627,91792647,400,2356.722014,COND BC840M68,Non AD conditioner,BC840M68-25 4.3TFS KTN 0.8GS PNT,1.867,PTN,HKTW
90250703,90152672,200,56555.26992,COND BC840MD67,Non AD conditioner,BC840MD67-24 T2.25 KTN 0.03Hist 0.7SW VS,0.0778,VS,Pack
80695632,91781351,700,2774.274905,SHM BC189H,Non AD shampoo,BC189H Q20R40G10L30 0.8GS PNT,1.586,PTN,HKTW
80695637,91821802,700,2774.274905,SHM BC189T,Non AD shampoo,BC189T A17NKBP20072008G20S08 0.8GS PNT,1.586,PTN,HKTW
80695635,91821805,700,2693.437806,COND BC840M68,Non AD conditioner,BC840M68-25 4.2TFS KTN 0.8GS PNT,1.6336,PTN,HKTW
80695630,91792647,700,2693.437806,COND BC840M68,Non AD conditioner,BC840M68-25 4.3TFS KTN 0.8GS PNT,1.6336,PTN,HKTW
80708708,90294432,750,1294.650739,SHM BC162H QRC,Climbazole shampoo,BC162H QRc2519 0.55SWM 0.45CLM VS,3.3986,VS,On going
80708723,90294744,750,1294.650739,SHM BC162H QR,Non AD shampoo,BC162H QR5015 0.50SW VS,3.3986,VS,On going
80691377,90140942,500,1885.418006,COND BC840MD67,Non AD conditioner,BC840 MD67-24 T2.5 KTN 0.03Hist 0.7SW VS,2.3337,VS,On going
90074513,91297192,500,23305.08475,SHM BC188S,PO shampoo,BC188 S07X4000 0.8PO 1.1MSR,0.1888,HS,PACK
90267879,90148173,650,17405.06329,SHM BC156OF,AD shampoo,BC156o F1RT300106 0.5PO 1.1TS HS,0.2528,HS,PACK
80694112,90169500,1000,1942.004678,SHM BC156OF,AD shampoo,BC156o F1RT300108 0.5PO 1.1TS HS,2.2657,HS,On going
90267724,90142368,680,17133.95639,SHM BC156OF,AD shampoo,BC156o F1RT300127 0.5PO 0.85Vi HS,0.2568,HS,PACK
90266172,90142368,650,17405.06329,SHM BC156OF,AD shampoo,BC156o F1RT300127 0.5PO 0.85Vi HS,0.2528,HS,PACK
90259395,90167254,700,16647.74877,SHM BC156OF,AD shampoo,BC156o F1RT300106 0.5PO 1.1PR HS,0.2643,HS,PACK
90222865,91838780,300,37703.51328,COND BC840MD80,Non AD conditioner,BC840MD80-24 2.0TAS 0.05Tw KTN 1.2MDM RJ,0.1167,EC,Pack
90267878,90140942,500,22622.10797,COND BC840MD67,Non AD conditioner,BC840 MD67-24 T2.5 KTN 0.03Hist 0.7SW VS,0.1945,VS,Pack
82288354,91730494,750,1256.927384,SHM BC177N,PO shampoo,BC177N G1XJ152000 o0.8 0.80 Mahonia,3.5006,HS,On going
82288129,91879267,750,1256.927384,SHM BC177N,PO shampoo,BC177N G1XJ152000 o0.8  0.80FGB HS,3.5006,HS,On going
90267704,90142368,80,145695.3642,SHM BC156OF,AD shampoo,BC156o F1RT300127 0.5PO 0.85Vi HS,0.0302,HS,PACK
90342152,90067030,680,17133.95639,SHM BC156OF,AD shampoo,BC156o F1RT300110 0.5PO 0.8FGB HS,0.2568,HS,PACK
90350799,90067030,700,16647.74877,SHM BC156OF,AD shampoo,BC156o F1RT300110 0.5PO 0.8FGB HS,0.2643,HS,PACK
80691402,90164576,500,1942.004678,SHM BC162H QR,Non AD shampoo,BC162H QR5015 KTN 0.01Hist 0.55SW VS,2.2657,VS,On going
90249831,90169500,680,17133.95639,SHM BC156OF,AD shampoo,BC156o F1RT300108 0.5PO 1.1TS HS,0.2568,HS,PACK
90298028,91265489,80,145695.3642,SHM BC188S,PO shampoo,BC188 S07X4000 0.8PO 1.1FGB,0.0302,HS,PACK
90300795,91265489,300,39532.79425,SHM BC188S,PO shampoo,BC188 S07X4000 0.8PO 1.1FGB,0.1113,HS,PACK
90305028,91297192,300,39532.79425,SHM BC188S,PO shampoo,BC188 S07X4000 0.8PO 1.1MSR,0.1113,HS,PACK
80718467,90314810,530,1832.035641,SHM BC109 ,Clear shampoo,BC109 P30R20D00 1.1Atlas RJ,2.4017,EC,On going
80695633,91781351,950,2044.134727,SHM BC189H,Non AD shampoo,BC189H Q20R40G10L30 0.8GS PNT,2.1525,PTN,HKTW
80695629,91821802,950,2044.134727,SHM BC189T,Non AD shampoo,BC189T A17NKBP20072008G20S08 0.8GS PNT,2.1525,PTN,HKTW
80693305,90076490,700,2774.274905,SHM BC162H LR,Non AD shampoo,BC162H LR3520 0.5FR Histidine PTN,1.586,PTN,HKTW
80693306,97041637,700,2693.437806,COND BC27M1OP1,Non AD conditioner,BC27 M1OP1 0.5TAS KTN 0.7FR PTN,1.6336,PTN,HKTW
80693304,90076464,950,2044.134727,SHM BC109 ,Clear shampoo,BC109 P2005X10 0.5FR PNT,2.1525,PTN,HKTW
80717310,90299026,730,1330.149037,SHM BC177N,PO shampoo,BC177N G1XJ152000 o0.5 1.0CMM HS,3.3079,HS,On going
80717296,90288239,750,1294.650739,SHM BC156OF,AD shampoo,BC156o F1RT300110 0.5PO 0.7FGB HS,3.3986,HS,On going
90071658,90913972,70,161172.1612,COND BC840M68,Non AD conditioner,BC840M68-25 4.6TFS KTN 0.75Red PNT,0.0273,PTN,PACK
90093718,90913972,180,62857.14286,COND BC840M68,Non AD conditioner,BC840M68-25 4.6TFS KTN 0.75Red PNT,0.07,PTN,PACK
80717298,90288138,750,1294.650739,SHM BC156OF,AD shampoo,BC156o F1RT300121 0.5PO 0.75VA HS,3.3986,HS,On going
80717299,90298879,750,1294.650739,SHM BC156OF,AD shampoo,BC156o F1RT300104 0.5PO 1.1CMM HS,3.3986,HS,On going
80717301,90291266,750,1294.650739,SHM BC177N,PO shampoo,BC177N G1XJ152000 o0.5 0.9PR HS,3.3986,HS,On going
90342153,90140942,500,22622.10797,COND BC840MD67,Non AD conditioner,BC840 MD67-24 T2.5 KTN 0.03Hist 0.7SW VS,0.1945,VS,PACK
90328058,90164576,500,22622.10797,SHM BC162H QR,Non AD shampoo,BC162H QR5015 KTN 0.01Hist 0.55SW VS,0.1945,VS,pack
80710502,90308899,530,2371.58411,COND BC840MD67,Non AD conditioner,BC840MD67-24 0.5TAS 0.7SunCitr HR PGR,1.8553,HR,On going
80715459,90308414,530,1832.035641,SHM BC156CF,Climbazole shampoo,BC156c F1RT300104 0.45C 1.3MM RJ,2.4017,EC,On going
80710498,90297073,530,2371.58411,SHM BC177N,PO shampoo,BC177N G1XJ152000 nil PO 0.6Honey Aprico,1.8553,HR,On going
80715460,90330029,750,1294.650739,SHM BC198N,Non AD shampoo,BC198 N1RP151020L 0.6MB RJ,3.3986,EC,On going
80715462,90330061,750,1294.650739,SHM BC156CF,Climbazole shampoo,BC156c F1RT300104 0.45C 0.9SE-Menthol RJ,3.3986,EC,On going
80715705,91912059,950,1984.66396,SHM BC156OG,PO shampoo,BC156oG1RJ301008 0.5PO 1.1PM HS,2.217,HS,HKTW
80716281,90339522,530,1778.712051,SHM BC162H VR,Non AD shampoo,BC162H VR3000 0.40MSR RJ,2.4737,EC,On going
80708706,90294432,200,2427.452278,SHM BC162H QRC,Climbazole shampoo,BC162H QRc2519 0.55SWM 0.45CLM VS,1.8126,VS,On going
80709931,90284150,750,1294.650739,SHM BC162H VRC,Climbazole shampoo,BC162H VRc5007 0.6FR 0.45C PNT,3.3986,PTN,On going
90403924,90284150,200,56555.26992,SHM BC162H VRC,Climbazole shampoo,BC162H VRc5007 0.6FR 0.45C PNT,0.0778,PTN,PACK
80707774,90283795,1180,798.8960709,SHM BC162H QRC,Climbazole shampoo,BC162H QRc2500 0.45C 0.3SR AL RJ,5.5076,DC,On going
80709927,90284450,750,1294.650739,SHM BC162H VRC,Climbazole shampoo,BC162H VRc5005 0.6FR 0.45C PNT,3.3986,PTN,On going
90359060,91792647,750,15083.9904,COND BC840M68,Non AD conditioner,BC840M68-25 4.3TFS KTN 0.8GS PNT,0.2917,PTN,On going
80710500,91089821,530,2371.58411,COND BC840M61,Non AD conditioner,BC840M61-23 2.75FTH 0.6HonAp HR,1.8553,HR,On going
91907832,91781351,750,15083.9904,SHM BC189H,Non AD shampoo,BC189H Q20R40G10L30 0.8GS PNT,0.2917,PTN,PACK
90337557,91821805,750,15083.9904,COND BC840M68,Non AD conditioner,BC840M68-25 4.2TFS KTN 0.8GS PNT,0.2917,PTN,PACK
80721762,90091798,200,2427.452278,SHM BC189H,Non AD shampoo,BC189H Q20R40G10L28 0.7GS PNT,1.8126,PTN,On going
90263969,91802249,200,56628.05663,COND B96,PO conditioner,B96-24 0.25PO 0.5TAS NaBz 0.8SE RJ,0.0777,EC,PACK
80710509,90304383,530,2371.58411,SHM BC177N,PO shampoo,BC177N G1XJ152000 nil PO 0.7Sunny Citrus,1.8553,HR,On going
80708710,90294448,700,2774.274905,SHM BC162H QRC,Climbazole shampoo,BC162H QRc2515 0.45SWM 0.45CLM VS,1.586,VS,On going
80710505,90291924,530,2371.58411,SHM BC177N,PO shampoo,BC177N G1XJ152000 nil PO 0.7 Americana,1.8553,HR,On going
80710507,91049095,530,2371.58411,COND BC840M61,Non AD conditioner,BC840M61-23 3.0FTH 0.6Americana HR,1.8553,HR,On going
90386609,90294432,400,28277.63496,SHM BC162H QRC,Climbazole shampoo,BC162H QRc2519 0.55SWM 0.45CLM VS,0.1556,VS,Pack
90402893,90152672,400,28277.63496,COND BC840MD67,Non AD conditioner,BC840MD67-24 T2.25 KTN 0.03Hist 0.7SW VS,0.1556,VS,pack
80722022,90261738,400,2427.586207,SHM BC156OF,AD shampoo,BC156o F1RT300117 0.5PO 0.85Vi HS,1.8125,HS,On going
80716275,90330061,400,2427.452278,SHM BC156CF,Climbazole shampoo,BC156c F1RT300104 0.45C 0.9SE-Menthol RJ,1.8126,EC,On going
80717522,90256873,1000,1942.004678,SHM BC156OF,AD shampoo,BC156o F1RT300117 0.5PO 0.65SE RJ,2.2657,EC,On going
80708721,90294744,400,2427.452278,SHM BC162H QR,Non AD shampoo,BC162H QR5015 0.50SW VS,1.8126,VS,On going
80710508,90304383,280,3366.745734,SHM BC177N,PO shampoo,BC177N G1XJ152000 nil PO 0.7Sunny Citrus,1.3069,HR,On going
80710504,90291924,280,3366.745734,SHM BC177N,PO shampoo,BC177N G1XJ152000 nil PO 0.7 Americana,1.3069,HR,On going
80703931,90276496,80,6068.965517,SHM BC156OF,AD shampoo,BC156o F1RT300116 0.5PO 1.20JJF HS,0.725,HS,FGOI
90375971,90294432,500,22622.10797,SHM BC162H QRC,Climbazole shampoo,BC162H QRc2519 0.55SWM 0.45CLM VS,0.1945,VS,Pack
80715464,90330029,200,2427.452278,SHM BC198N,Non AD shampoo,BC198 N1RP151020L 0.6MB RJ,1.8126,EC,On going
80703932,90276491,80,6068.965517,SHM BC156OF,AD shampoo,BC156o F1RT300116 0.5PO 1.30DaphneVN HS,0.725,HS,FGOI
80710499,91089821,280,3366.745734,COND BC840M61,Non AD conditioner,BC840M61-23 2.75FTH 0.6HonAp HR,1.3069,HR,On going
80710497,90297073,280,3366.745734,SHM BC177N,PO shampoo,BC177N G1XJ152000 nil PO 0.6Honey Aprico,1.3069,HR,On going
80723430,90291924,530,2371.58411,SHM BC177N,PO shampoo,BC177N G1XJ152000 nil PO 0.7 Americana,1.8553,HR,HKTW
80723429,90304383,530,2371.58411,SHM BC177N,PO shampoo,BC177N G1XJ152000 nil PO 0.7Sunny Citrus,1.8553,HR,HKTW
80723427,91049095,530,2371.58411,COND BC840M61,Non AD conditioner,BC840M61-23 3.0FTH 0.6Americana HR,1.8553,HR,HKTW
80722214,91873865,530,1832.035641,SHM BC198O,Non AD shampoo,BC198 O1RP151020L 1.3MDM RJ,2.4017,EC,HKTW
80723426,90308899,530,2371.58411,COND BC840MD67,Non AD conditioner,BC840MD67-24 0.5TAS 0.7SunCitr HR PGR,1.8553,HR,HKTW
80723428,91089821,530,2371.58411,COND BC840M61,Non AD conditioner,BC840M61-23 2.75FTH 0.6HonAp HR,1.8553,HR,HKTW
80717319,90299026,1000,1942.004678,SHM BC177N,PO shampoo,BC177N G1XJ152000 o0.5 1.0CMM HS,2.2657,HS,On going
80721877,90355760,750,2589.301477,SHM BC156CF,Climbazole shampoo,BC156c F1RT300112 0.45C 0.40SE REJ,1.6993,EC,HKTW
80721879,90374886,750,2589.301477,SHM BC156CF,Climbazole shampoo,BC156c F1RT300112 0.45C 0.40SE REJ,1.6993,EC,HKTW
80721888,91830496,750,2589.301477,COND BC840MD80,Non AD conditioner,BC840MD80-24 2.0TAS 0.05Tw KTN 0.6MB RJ,1.6993,EC,HKTW
80721886,91802249,750,2589.301477,COND B96,PO conditioner,B96-24 0.25PO 0.5TAS NaBz 0.8SE RJ,1.6993,EC,HKTW
80721884,90330029,750,2589.301477,SHM BC198N,Non AD shampoo,BC198 N1RP151020L 0.6MB RJ,1.6993,EC,HKTW
80721885,90074245,750,2589.301477,SHM BC198O,Non AD shampoo,BC198 O1RP151020L 0.7MB RJ,1.6993,EC,HKTW
80721887,91830394,750,2589.301477,COND BC840MD80,Non AD conditioner,BC840MD80-24 2.0TAS 0.05Tw KTN 0.6MB RJ,1.6993,EC,HKTW
80710501,90308899,280,3366.745734,COND BC840MD67,Non AD conditioner,BC840MD67-24 0.5TAS 0.7SunCitr HR PGR,1.3069,HR,On going
80722211,91838780,530,1778.712051,COND BC840MD80,Non AD conditioner,BC840MD80-24 2.0TAS 0.05Tw KTN 1.2MDM RJ,2.4737,EC,HKTW
80729905,90261738,1180,1645.721125,SHM BC156OF,AD shampoo,BC156o F1RT300117 0.5PO 0.85Vi HS,2.6736,HS,GBU
80718973,90152672,750,2513.854768,COND BC840MD67,Non AD conditioner,BC840MD67-24 T2.25 KTN 0.03Hist 0.7SW VS,1.7503,VS,HKTW
80718980,90140942,750,2513.854768,COND BC840MD67,Non AD conditioner,BC840 MD67-24 T2.5 KTN 0.03Hist 0.7SW VS,1.7503,VS,HKTW
80718969,90164576,750,2589.301477,SHM BC162H QR,Non AD shampoo,BC162H QR5015 KTN 0.01Hist 0.55SW VS,1.6993,VS,HKTW
80721876,97061578,400,2427.452278,SHM BC198N,Non AD shampoo,BC198 N1RP151008L REJ 0.9% SH EXC 49SYN1,1.8126,EC,HKTW
80721880,90374886,400,2427.452278,SHM BC156CF,Climbazole shampoo,BC156c F1RT300112 0.45C 0.40SE REJ,1.8126,EC,HKTW
80721878,90374886,1000,1942.004678,SHM BC156CF,Climbazole shampoo,BC156c F1RT300112 0.45C 0.40SE REJ,2.2657,EC,HKTW
80715463,90330029,400,2427.452278,SHM BC198N,Non AD shampoo,BC198 N1RP151020L 0.6MB RJ,1.8126,EC,On going
80718977,90294744,750,2589.301477,SHM BC162H QR,Non AD shampoo,BC162H QR5015 0.50SW VS,1.6993,VS,HKTW
80718984,90290857,750,2589.301477,SHM BC162H VR,Non AD shampoo,BC162H VR5005 0.55SW VS,1.6993,VS,HKTW
80718983,90294432,750,2589.301477,SHM BC162H QRC,Climbazole shampoo,BC162H QRc2519 0.55SWM 0.45CLM VS,1.6993,VS,HKTW
80718967,90294727,750,2589.301477,SHM BC162H QR,Non AD shampoo,BC162H QR5015 0.50SW VS,1.6993,VS,HKTW
80718979,90150889,750,2589.301477,SHM BC162H QR,Non AD shampoo,BC162H QR5015 0.55SW VS,1.6993,VS,HKTW
80718976,90151017,750,2513.854768,COND BC840MD67,Non AD conditioner,BC840 MD67-24 T2.25 KTN 0.03Htd 0.7SW VS,1.7503,VS,HKTW
80722213,90314810,530,1832.035641,SHM BC109 ,Clear shampoo,BC109 P30R20D00 1.1Atlas RJ,2.4017,EC,HKTW
80718974,90206651,750,2589.301477,SHM BC162H VR,Non AD shampoo,BC162H VR5005 KTN 0.6SW VS,1.6993,VS,HKTW
80718975,90151038,700,2774.274905,SHM BC162H VR,Non AD shampoo,BC162H VR2006 KTN 0.2Mosa 0.6Atlas VS,1.586,VS,HKTW
80718968,90163858,750,2513.854768,COND BC840MD67,Non AD conditioner,BC840MD67-24 T2.75 KTN 0.03Hist 0.7SW VS,1.7503,VS,HKTW
80718986,90159856,750,2513.854768,COND BC840MD67,Non AD conditioner,BC840 MD67-24 T2.25 KTN 0.05Htd 0.7SW VS,1.7503,VS,HKTW
80718978,90140942,500,1885.418006,COND BC840MD67,Non AD conditioner,BC840 MD67-24 T2.5 KTN 0.03Hist 0.7SW VS,2.3337,VS,HKTW
80718970,90159856,500,1885.418006,COND BC840MD67,Non AD conditioner,BC840 MD67-24 T2.25 KTN 0.05Htd 0.7SW VS,2.3337,VS,HKTW
80718971,90294744,500,1942.004678,SHM BC162H QR,Non AD shampoo,BC162H QR5015 0.50SW VS,2.2657,VS,HKTW
80718985,90290857,500,1942.004678,SHM BC162H VR,Non AD shampoo,BC162H VR5005 0.55SW VS,2.2657,VS,HKTW
80716280,90339522,300,3142.408227,SHM BC162H VR,Non AD shampoo,BC162H VR3000 0.40MSR RJ,1.4002,EC,On going
80716276,90330061,200,2427.452278,SHM BC156CF,Climbazole shampoo,BC156c F1RT300104 0.45C 0.9SE-Menthol RJ,1.8126,EC,On going
80718982,90164576,500,1942.004678,SHM BC162H QR,Non AD shampoo,BC162H QR5015 KTN 0.01Hist 0.55SW VS,2.2657,VS,HKTW
80718981,90294432,500,1942.004678,SHM BC162H QRC,Climbazole shampoo,BC162H QRc2519 0.55SWM 0.45CLM VS,2.2657,VS,HKTW
80690327,90074778,80,6068.965517,SHM BC177N,PO shampoo,BC177N G1XJ152000 o0.5 1.1CMM HS,0.725,HS,FGOI
80721757,91810317,200,4713.444028,COND BC840SC120,Non AD conditioner,BC840Sc120-25 2.5TAS KTN 0.8GS PNT,0.9335,PTN,On going
80730182,90913972,40,11783.61007,COND BC840M68,Non AD conditioner,BC840M68-25 4.6TFS KTN 0.75Red PNT,0.3734,PTN,FGOI
80721758,91810317,400,3534.988351,COND BC840SC120,Non AD conditioner,BC840Sc120-25 2.5TAS KTN 0.8GS PNT,1.2447,PTN,On going
80708707,90294432,400,2427.452278,SHM BC162H QRC,Climbazole shampoo,BC162H QRc2519 0.55SWM 0.45CLM VS,1.8126,VS,On going
80721874,97061578,1000,1942.004678,SHM BC198N,Non AD shampoo,BC198 N1RP151008L REJ 0.9% SH EXC 49SYN1,2.2657,EC,HKTW
80721882,91830918,1000,1942.004678,SHM BC198O,Non AD shampoo,BC198 O1RP151020L 0.7MB RJ,2.2657,EC,HKTW
80721759,97041637,200,4713.444028,COND BC27M1OP1,Non AD conditioner,BC27 M1OP1 0.5TAS KTN 0.7FR PTN,0.9335,PTN,On going
80721881,91830918,750,2589.301477,SHM BC198O,Non AD shampoo,BC198 O1RP151020L 0.7MB RJ,1.6993,EC,HKTW
80721875,97061578,750,2589.301477,SHM BC198N,Non AD shampoo,BC198 N1RP151008L REJ 0.9% SH EXC 49SYN1,1.6993,EC,HKTW
80723432,90297073,530,2371.58411,SHM BC177N,PO shampoo,BC177N G1XJ152000 nil PO 0.6Honey Aprico,1.8553,HR,HKTW
80710506,91049095,280,3366.745734,COND BC840M61,Non AD conditioner,BC840M61-23 3.0FTH 0.6Americana HR,1.3069,HR,On going
90345856,90276491,80,145695.3642,SHM BC156OF,AD shampoo,BC156o F1RT300116 0.5PO 1.30DaphneVN HS,0.0302,HS,Pack
90345861,90276496,80,145695.3642,SHM BC156OF,AD shampoo,BC156o F1RT300116 0.5PO 1.20JJF HS,0.0302,HS,Pack
80722000,90148173,80,6068.965517,SHM BC156OF,AD shampoo,BC156o F1RT300106 0.5PO 1.1TS HS,0.725,HS,FGOI
80731167,90206651,400,2427.452278,SHM BC162H VR,Non AD shampoo,BC162H VR5005 KTN 0.6SW VS,1.8126,VS,FGOI
80708709,90294448,460,2110.817942,SHM BC162H QRC,Climbazole shampoo,BC162H QRc2515 0.45SWM 0.45CLM VS,2.0845,VS,On going
90431500,90164576,750,15083.9904,SHM BC162H QR,Non AD shampoo,BC162H QR5015 KTN 0.01Hist 0.55SW VS,0.2917,VS,HKTW
90443788,90140942,500,22622.10797,COND BC840MD67,Non AD conditioner,BC840 MD67-24 T2.5 KTN 0.03Hist 0.7SW VS,0.1945,VS,HKTW
80721761,91810317,750,2513.854768,COND BC840SC120,Non AD conditioner,BC840Sc120-25 2.5TAS KTN 0.8GS PNT,1.7503,PTN,On going
80729286,91821802,930,2088.178065,SHM BC189T,Non AD shampoo,BC189T A17NKBP20072008G20S08 0.8GS PNT,2.1071,PTN,On going
80694127,90142368,680,1427.922373,SHM BC156OF,AD shampoo,BC156o F1RT300127 0.5PO 0.85Vi HS,3.0814,HS,On going
80694126,90148173,680,1427.922373,SHM BC156OF,AD shampoo,BC156o F1RT300106 0.5PO 1.1TS HS,3.0814,HS,On going
80734501,90423973,530,2371.58411,SHM BC177N,PO shampoo,BC177N G1XJ152000 nil PO 0.85OP,1.8553,Aussie,On going
90426729,90290857,750,15083.9904,SHM BC162H VR,Non AD shampoo,BC162H VR5005 0.55SW VS,0.2917,VS,HKTW
90443790,90152672,500,22622.10797,COND BC840MD67,Non AD conditioner,BC840MD67-24 T2.25 KTN 0.03Hist 0.7SW VS,0.1945,VS,HKTW
80734503,90418008,200,9427.898007,COND BC840MD67,Non AD conditioner,BC840MD67-24 0.5TAS 0.65OP,0.4667,Aussie,On going
90454577,90913972,40,282051.2821,COND BC840M68,Non AD conditioner,BC840M68-25 4.6TFS KTN 0.75Red PNT,0.0156,PTN,PACK
80725124,91792647,400,3534.988351,COND BC840M68,Non AD conditioner,BC840M68-25 4.3TFS KTN 0.8GS PNT,1.2447,PTN,On going
90454448,90294432,750,15536.72316,SHM BC162H QRC,Climbazole shampoo,BC162H QRc2519 0.55SWM 0.45CLM VS,0.2832,VS,Pack
90402807,90276496,450,25142.85714,SHM BC156OF,AD shampoo,BC156o F1RT300116 0.5PO 1.20JJF HS,0.175,HS,Pack
80715461,90308414,300,3236.722083,SHM BC156CF,Climbazole shampoo,BC156c F1RT300104 0.45C 1.3MM RJ,1.3594,EC,On going
90450541,90528164,310,36484.24544,SHM BC89,Clear shampoo,BC89 HXs 0.05XL 0.9SN VS,0.1206,VS,PACK
80725122,91821805,400,3534.988351,COND BC840M68,Non AD conditioner,BC840M68-25 4.2TFS KTN 0.8GS PNT,1.2447,PTN,On going
90379435,91049095,280,40404.0404,COND BC840M61,Non AD conditioner,BC840M61-23 3.0FTH 0.6Americana HR,0.1089,HR,Pack
90386630,90291924,530,21348.85978,SHM BC177N,PO shampoo,BC177N G1XJ152000 nil PO 0.7 Americana,0.2061,HR,Pack
90469858,90206651,400,29119.78822,SHM BC162H VR,Non AD shampoo,BC162H VR5005 KTN 0.6SW VS,0.1511,VS,Pack
80725123,91792647,200,4713.444028,COND BC840M68,Non AD conditioner,BC840M68-25 4.3TFS KTN 0.8GS PNT,0.9335,PTN,On going
90459137,90206651,400,29119.78822,SHM BC162H VR,Non AD shampoo,BC162H VR5005 KTN 0.6SW VS,0.1511,VS,PACK
80731168,90163858,200,4713.444028,COND BC840MD67,Non AD conditioner,BC840MD67-24 T2.75 KTN 0.03Hist 0.7SW VS,0.9335,VS,FGOI
90281140,90067030,200,58278.1457,SHM BC156OF,AD shampoo,BC156o F1RT300110 0.5PO 0.8FGB HS,0.0755,HS,PACK
80721760,90091798,750,1294.650739,SHM BC189H,Non AD shampoo,BC189H Q20R40G10L28 0.7GS PNT,3.3986,PTN,On going
90349189,90276491,450,25142.85714,SHM BC156OF,AD shampoo,BC156o F1RT300116 0.5PO 1.30DaphneVN HS,0.175,HS,Pack
90459564,90163858,200,56555.26992,COND BC840MD67,Non AD conditioner,BC840MD67-24 T2.75 KTN 0.03Hist 0.7SW VS,0.0778,VS,Pack
80708763,90294432,500,1942.004678,SHM BC162H QRC,Climbazole shampoo,BC162H QRc2519 0.55SWM 0.45CLM VS,2.2657,VS,On going
80734504,90423973,300,6284.816455,SHM BC177N,PO shampoo,BC177N G1XJ152000 nil PO 0.85OP,0.7001,Aussie,On going
80725121,91821805,200,4713.444028,COND BC840M68,Non AD conditioner,BC840M68-25 4.2TFS KTN 0.8GS PNT,0.9335,PTN,On going
80721764,90076490,200,2427.452278,SHM BC162H LR,Non AD shampoo,BC162H LR3520 0.5FR Histidine PTN,1.8126,PTN,On going
90367369,90304383,530,21348.85978,SHM BC177N,PO shampoo,BC177N G1XJ152000 nil PO 0.7Sunny Citrus,0.2061,HR,Pack
90450351,90308899,530,21348.85978,COND BC840MD67,Non AD conditioner,BC840MD67-24 0.5TAS 0.7SunCitr HR PGR,0.2061,HR,Pack
90367372,90308899,280,40404.0404,COND BC840MD67,Non AD conditioner,BC840MD67-24 0.5TAS 0.7SunCitr HR PGR,0.1089,HR,Pack
80728729,91814437,400,3534.988351,COND BC840MD67GLY,Non AD conditioner,BC840MD67-24 3.0Gly 1.5TAS KTN 0.7FR PNT,1.2447,PTN,On going
80735654,90442252,530,2371.58411,SHM BC177N,PO shampoo,BC177N G1XJ152000 nilPO KTN 0.8OB HR,1.8553,HR,On going
90464494,90163858,200,56555.26992,COND BC840MD67,Non AD conditioner,BC840MD67-24 T2.75 KTN 0.03Hist 0.7SW VS,0.0778,VS,Pack
90469015,90140942,400,28277.63496,COND BC840MD67,Non AD conditioner,BC840 MD67-24 T2.5 KTN 0.03Hist 0.7SW VS,0.1556,VS,Pack
90454418,90304383,530,21348.85978,SHM BC177N,PO shampoo,BC177N G1XJ152000 nil PO 0.7Sunny Citrus,0.2061,HR,Pack
90459117,90308899,530,21348.85978,COND BC840MD67,Non AD conditioner,BC840MD67-24 0.5TAS 0.7SunCitr HR PGR,0.2061,HR,Pack
90450377,90294432,400,29119.78822,SHM BC162H QRC,Climbazole shampoo,BC162H QRc2519 0.55SWM 0.45CLM VS,0.1511,VS,Pack
90450243,90294432,500,23305.08475,SHM BC162H QRC,Climbazole shampoo,BC162H QRc2519 0.55SWM 0.45CLM VS,0.1888,VS,Pack
80728726,91814437,200,4713.444028,COND BC840MD67GLY,Non AD conditioner,BC840MD67-24 3.0Gly 1.5TAS KTN 0.7FR PNT,0.9335,PTN,On going
80736986,90441514,200,2427.452278,SHM BC156OF,AD shampoo,BC156o F1RT300117 0.4PO 0.65SE RJ,1.8126,EC,On going
80739141,90432002,210,4488.87982,COND BC840S75,Non AD conditioner,BC840S75-24 0Si KTN 0.65SummerNectar,0.9802,VS,On going
80735218,90406979,360,2697.235334,SHM BC177N,PO shampoo,BC177N G1XJ152000 o0.5 0.8FGB HS,1.6313,HS,On going
80735217,90406979,670,1449.227628,SHM BC177N,PO shampoo,BC177N G1XJ152000 o0.5 0.8FGB HS,3.0361,HS,On going
80736222,90393423,670,1449.227628,SHM BC177N,PO shampoo,BC177N G1XJ151000 o0.5 1.1PR HS,3.0361,HS,On going
80736221,90393423,360,2697.235334,SHM BC177N,PO shampoo,BC177N G1XJ151000 o0.5 1.1PR HS,1.6313,HS,On going
80718081,90432024,500,1885.418006,SHM BC162H VR,Non AD shampoo,BC162VR3000 0.005% Charcoal  0.9CR VS,2.3337,VS,On going
80739136,90444832,500,1885.418006,SHM BC177C,PO shampoo,BC177C G1XJ152000 nil PO 0.9Siri VS,2.3337,VS,On going
80721186,90359883,400,4713.444028,COND BC840MD80,Non AD conditioner,BC840MD80-24 2.0TAS 0.05Tw KTN 1.2SMDMBN,0.9335,EC,On going
80721189,90354110,400,4713.444028,COND BC840MD80,Non AD conditioner,BC840MD80-24 2.0TAS 0.05Tw KTN 1.2AMDMBN,0.9335,EC,On going
80739137,90444843,500,1885.418006,SHM BC89,Clear shampoo,BC89 HXs 0.05XL 0.9SN VS,2.3337,VS,On going
80739138,90444829,500,1885.418006,SHM BC177C,PO shampoo,BC177C G1XJ152000 nil PO 0.9LZ VS,2.3337,VS,On going
80735223,90406979,80,6068.965517,SHM BC177N,PO shampoo,BC177N G1XJ152000 o0.5 0.8FGB HS,0.725,HS,FGOI
80737957,90449843,530,1832.035641,SHM BC109 ,Clear shampoo,BC109 P30R20D00 1.1Atlas RJ,2.4017,EC,On going
80736220,90393423,80,6068.965517,SHM BC177N,PO shampoo,BC177N G1XJ151000 o0.5 1.1PR HS,0.725,HS,On going
80741544,90464173,200,2427.452278,SHM BC162H VRC,Climbazole shampoo,BC162Hs VRc48048 0.45C 0.57FR PN,1.8126,PTN,On going
80741546,90454578,200,2427.452278,SHM BC162H VRC,Climbazole shampoo,BC162Hs VRc48067 0.45C 0.57FR PN,1.8126,PTN,On going
80741549,90459374,200,2427.452278,SHM BC109 ,Clear shampoo,BC109s P1905X10 0.475FR PN,1.8126,PTN,On going
80741551,90469318,200,2427.452278,SHM BC109 ,Clear shampoo,BC109s P29R19D019 0.475FR PN,1.8126,PTN,On going
90412666,90261738,700,16647.74877,SHM BC156OF,AD shampoo,BC156o F1RT300117 0.5PO 0.85Vi HS,0.2643,HS,pack
90491217,90406979,360,32352.94118,SHM BC177N,PO shampoo,BC177N G1XJ152000 o0.5 0.8FGB HS,0.136,HS,pack
90496018,90393423,360,32352.94118,SHM BC177N,PO shampoo,BC177N G1XJ151000 o0.5 1.1PR HS,0.136,HS,pack
80738396,90450748,750,1294.650739,SHM BC162H QR,Non AD shampoo,BC162Hs QR48143 0.475SW VS,3.3986,VS,On going
80738610,90454761,750,1294.650739,SHM BC162H VR,Non AD shampoo,BC162Hs VR48048 0.523SW VS,3.3986,VS,On going
91544512,90393423,80,141479.0997,SHM BC177N,PO shampoo,BC177N G1XJ151000 o0.5 1.1PR HS,0.0311,HS,pack
90482449,90406979,80,141479.0997,SHM BC177N,PO shampoo,BC177N G1XJ152000 o0.5 0.8FGB HS,0.0311,HS,pack
80741469,90433045,750,1294.650739,SHM BC162H QRC,Climbazole shampoo,BC162Hs QRc2400 0.45C 0.285SR AL RJ,3.3986,DC,On going
80741463,90438064,750,1294.650739,SHM BC162H QR,Non AD shampoo,BC162Hs QR14048 0.285SB RJ,3.3986,DC,On going
80721883,91830918,400,2427.452278,SHM BC198O,Non AD shampoo,BC198 O1RP151020L 0.7MB RJ,1.8126,EC,HKTW
90451508,90261738,650,17922.60692,SHM BC156OF,AD shampoo,BC156o F1RT300117 0.5PO 0.85Vi HS,0.2455,HS,pack
80741464,90446985,750,1294.650739,SHM BC162H QR,Non AD shampoo,BC162Hs QR14048 0.285SB RJ,3.3986,DC,On going
80741458,90428382,750,1294.650739,SHM BC162H QR,Non AD shampoo,BC162Hs QR24048 0.285SR AL RJ,3.3986,DC,On going
80741459,90449271,750,1294.650739,SHM BC162H QR,Non AD shampoo,BC162Hs QR14048 0.285SB RJ,3.3986,DC,On going
80741470,90449300,750,1294.650739,SHM BC162H QR,Non AD shampoo,BC162Hs QR14048 0.285MC RJ,3.3986,DC,On going
80717311,90299026,380,2555.316801,SHM BC177N,PO shampoo,BC177N G1XJ152000 o0.5 1.0CMM HS,1.7219,HS,On going
90396352,90148173,500,23305.08475,SHM BC156OF,AD shampoo,BC156o F1RT300106 0.5PO 1.1TS HS,0.1888,HS,Pack
80703929,90067030,1280,1517.136749,SHM BC156OF,AD shampoo,BC156o F1RT300110 0.5PO 0.8FGB HS,2.9002,HS,On going
90461266,90288239,650,17467.24891,SHM BC156OF,AD shampoo,BC156o F1RT300110 0.5PO 0.7FGB HS,0.2519,HS,pack
80717316,90282179,380,2555.316801,SHM BC156OF,AD shampoo,BC156o F1RT300104 0.5PO 0.7CM HS,1.7219,HS,On going
80717315,90282179,190,2555.316801,SHM BC156OF,AD shampoo,BC156o F1RT300104 0.5PO 0.7CM HS,1.7219,HS,On going
90444221,90261738,200,58278.1457,SHM BC156OF,AD shampoo,BC156o F1RT300117 0.5PO 0.85Vi HS,0.0755,HS,Pack
80722023,90261738,200,2427.586207,SHM BC156OF,AD shampoo,BC156o F1RT300117 0.5PO 0.85Vi HS,1.8125,HS,On going
90426985,90148173,200,58278.1457,SHM BC156OF,AD shampoo,BC156o F1RT300106 0.5PO 1.1TS HS,0.0755,HS,Pack
80721999,90148173,200,2427.586207,SHM BC156OF,AD shampoo,BC156o F1RT300106 0.5PO 1.1TS HS,1.8125,HS,On going
80721997,90167254,200,2427.586207,SHM BC156OF,AD shampoo,BC156o F1RT300106 0.5PO 1.1PR HS,1.8125,HS,On going
80721995,90169500,200,2427.586207,SHM BC156OF,AD shampoo,BC156o F1RT300108 0.5PO 1.1TS HS,1.8125,HS,On going
80720843,90276491,80,6068.965517,SHM BC156OF,AD shampoo,BC156o F1RT300116 0.5PO 1.30DaphneVN HS,0.725,HS,FGOI
90412665,90261738,500,23305.08475,SHM BC156OF,AD shampoo,BC156o F1RT300117 0.5PO 0.85Vi HS,0.1888,HS,Pack
91906899,91432544,300,37703.51328,SHM BC89,Clear shampoo,BC89 HXs 0.05XL 0.9 SunCit Histidine CL,0.1167,PTN,PACK
80717314,90298879,200,2427.586207,SHM BC156OF,AD shampoo,BC156o F1RT300104 0.5PO 1.1CMM HS,1.8125,HS,On going
80717303,90288239,400,2427.586207,SHM BC156OF,AD shampoo,BC156o F1RT300110 0.5PO 0.7FGB HS,1.8125,HS,On going
80717309,90299026,190,2555.316801,SHM BC177N,PO shampoo,BC177N G1XJ152000 o0.5 1.0CMM HS,1.7219,HS,On going
80717322,90291266,200,2427.586207,SHM BC177N,PO shampoo,BC177N G1XJ152000 o0.5 0.9PR HS,1.8125,HS,On going
90465468,90148173,650,17922.60692,SHM BC156OF,AD shampoo,BC156o F1RT300106 0.5PO 1.1TS HS,0.2455,HS,pack
90465470,90169500,650,17922.60692,SHM BC156OF,AD shampoo,BC156o F1RT300108 0.5PO 1.1TS HS,0.2455,HS,pack
80717313,90298879,400,2427.586207,SHM BC156OF,AD shampoo,BC156o F1RT300104 0.5PO 1.1CMM HS,1.8125,HS,On going
80721963,90169500,400,2427.586207,SHM BC156OF,AD shampoo,BC156o F1RT300108 0.5PO 1.1TS HS,1.8125,HS,On going
80721991,90142374,200,4855.4403,COND BC27S109,PO conditioner,BC27 S109-20 0.25PO 0.66PDMS 0.55Vi NaBz,0.9062,HS,On going
80739140,91674266,210,4488.87982,COND BC840M68,Non AD conditioner,BC840M68-25 0Si KTN 0.8SnowWhiteMod 2,0.9802,VS,On going
80739142,91698297,210,4488.87982,COND BC840SC120GLY,Non AD conditioner,BC840Sc120-25-3Gly 0Si KTN 0.8LemonZinge,0.9802,VS,On going
80721974,90148173,1000,1942.004678,SHM BC156OF,AD shampoo,BC156o F1RT300106 0.5PO 1.1TS HS,2.2657,HS,On going
80722014,90261738,1000,1942.004678,SHM BC156OF,AD shampoo,BC156o F1RT300117 0.5PO 0.85Vi HS,2.2657,HS,On going
80721998,90148173,400,2427.586207,SHM BC156OF,AD shampoo,BC156o F1RT300106 0.5PO 1.1TS HS,1.8125,HS,On going
80721962,90169500,750,1294.650739,SHM BC156OF,AD shampoo,BC156o F1RT300108 0.5PO 1.1TS HS,3.3986,HS,On going
80735219,90406979,80,6068.965517,SHM BC177N,PO shampoo,BC177N G1XJ152000 o0.5 0.8FGB HS,0.725,HS,FGOI
80722018,90261738,1280,1517.189062,SHM BC156OF,AD shampoo,BC156o F1RT300117 0.5PO 0.85Vi HS,2.9001,HS,On going
80717297,90288239,1000,1942.004678,SHM BC156OF,AD shampoo,BC156o F1RT300110 0.5PO 0.7FGB HS,2.2657,HS,On going
80717304,90288239,200,2427.586207,SHM BC156OF,AD shampoo,BC156o F1RT300110 0.5PO 0.7FGB HS,1.8125,HS,On going
80741455,90433045,170,2855.844746,SHM BC162H QRC,Climbazole shampoo,BC162Hs QRc2400 0.45C 0.285SR AL RJ,1.5407,DC,On going
80741457,90433045,360,2697.235334,SHM BC162H QRC,Climbazole shampoo,BC162Hs QRc2400 0.45C 0.285SR AL RJ,1.6313,DC,On going
80735655,90442252,280,3366.745734,SHM BC177N,PO shampoo,BC177N G1XJ152000 nilPO KTN 0.8OB HR,1.3069,HR,On going
80737363,91830496,650,2900.652647,COND BC840MD80,Non AD conditioner,BC840MD80-24 2.0TAS 0.05Tw KTN 0.6MB RJ,1.5169,EC,HKTW
80721972,90148173,750,1294.650739,SHM BC156OF,AD shampoo,BC156o F1RT300106 0.5PO 1.1TS HS,3.3986,HS,On going
90442952,91792647,200,56555.26992,COND BC840M68,Non AD conditioner,BC840M68-25 4.3TFS KTN 0.8GS PNT,0.0778,PTN,Pack
80737364,91830394,650,2900.652647,COND BC840MD80,Non AD conditioner,BC840MD80-24 2.0TAS 0.05Tw KTN 0.6MB RJ,1.5169,EC,HKTW
80737365,91802249,650,2900.652647,COND B96,PO conditioner,B96-24 0.25PO 0.5TAS NaBz 0.8SE RJ,1.5169,EC,HKTW
80737366,90074245,650,2987.709649,SHM BC198O,Non AD shampoo,BC198 O1RP151020L 0.7MB RJ,1.4727,EC,HKTW
80737368,90330029,650,2987.709649,SHM BC198N,Non AD shampoo,BC198 N1RP151020L 0.6MB RJ,1.4727,EC,HKTW
80737361,90330029,700,2774.274905,SHM BC198N,Non AD shampoo,BC198 N1RP151020L 0.6MB RJ,1.586,EC,HKTW
80737370,91830918,650,2987.709649,SHM BC198O,Non AD shampoo,BC198 O1RP151020L 0.7MB RJ,1.4727,EC,HKTW
80737371,90374886,650,2987.709649,SHM BC156CF,Climbazole shampoo,BC156c F1RT300112 0.45C 0.40SE REJ,1.4727,EC,HKTW
80737404,90355760,650,2987.709649,SHM BC156CF,Climbazole shampoo,BC156c F1RT300112 0.45C 0.40SE REJ,1.4727,EC,HKTW
80737374,97061578,650,2987.709649,SHM BC198N,Non AD shampoo,BC198 N1RP151008L REJ 0.9% SH EXC 49SYN1,1.4727,EC,HKTW
80741461,90433045,1000,970.9809114,SHM BC162H QRC,Climbazole shampoo,BC162Hs QRc2400 0.45C 0.285SR AL RJ,4.5315,DC,On going
80741460,90438064,1000,970.9809114,SHM BC162H QR,Non AD shampoo,BC162Hs QR14048 0.285SB RJ,4.5315,DC,On going
80718079,90432024,310,3040.984173,SHM BC162H VR,Non AD shampoo,BC162VR3000 0.005% Charcoal  0.9CR VS,1.4469,VS,On going
80741480,90438064,170,2855.844746,SHM BC162H QR,Non AD shampoo,BC162Hs QR14048 0.285SB RJ,1.5407,DC,On going
80741456,90438064,360,2697.235334,SHM BC162H QR,Non AD shampoo,BC162Hs QR14048 0.285SB RJ,1.6313,DC,On going
80747822,96805065,170,5545.05356,COND BC264MD50,Non AD conditioner,BC264 MD50 0.5TAS KTN 0.6 Silkroad Bloom,0.7935,DC,On going
80721979,90148173,930,2088.178065,SHM BC156OF,AD shampoo,BC156o F1RT300106 0.5PO 1.1TS HS,2.1071,HS,GBU
80722017,90261738,930,2088.178065,SHM BC156OF,AD shampoo,BC156o F1RT300117 0.5PO 0.85Vi HS,2.1071,HS,GBU
80723412,90261738,80,6068.965517,SHM BC156OF,AD shampoo,BC156o F1RT300117 0.5PO 0.85Vi HS,0.725,HS,FGOI
80720899,91830918,930,2088.178065,SHM BC198O,Non AD shampoo,BC198 O1RP151020L 0.7MB RJ,2.1071,EC,On going
80717307,90291266,400,2427.586207,SHM BC177N,PO shampoo,BC177N G1XJ152000 o0.5 0.9PR HS,1.8125,HS,On going
80737372,90374886,900,2157.708905,SHM BC156CF,Climbazole shampoo,BC156c F1RT300112 0.45C 0.40SE REJ,2.0392,EC,HKTW
80737373,90355760,900,2157.708905,SHM BC156CF,Climbazole shampoo,BC156c F1RT300112 0.45C 0.40SE REJ,2.0392,EC,HKTW
80737359,90355760,700,2774.274905,SHM BC156CF,Climbazole shampoo,BC156c F1RT300112 0.45C 0.40SE REJ,1.586,EC,HKTW
80737360,90374886,700,2774.274905,SHM BC156CF,Climbazole shampoo,BC156c F1RT300112 0.45C 0.40SE REJ,1.586,EC,HKTW
80737362,91830918,700,2774.274905,SHM BC198O,Non AD shampoo,BC198 O1RP151020L 0.7MB RJ,1.586,EC,HKTW
80737369,91830918,900,2157.708905,SHM BC198O,Non AD shampoo,BC198 O1RP151020L 0.7MB RJ,2.0392,EC,HKTW
80737375,97061578,900,2157.708905,SHM BC198N,Non AD shampoo,BC198 N1RP151008L REJ 0.9% SH EXC 49SYN1,2.0392,EC,HKTW
90412070,90261738,400,28277.63496,SHM BC156OF,AD shampoo,BC156o F1RT300117 0.5PO 0.85Vi HS,0.1556,HS,pack
90463338,90288239,400,28277.63496,SHM BC156OF,AD shampoo,BC156o F1RT300110 0.5PO 0.7FGB HS,0.1556,HS,pack
80721324,90288239,1280,1517.136749,SHM BC156OF,AD shampoo,BC156o F1RT300110 0.5PO 0.7FGB HS,2.9002,HS,On going
80741473,90428382,170,2855.844746,SHM BC162H QR,Non AD shampoo,BC162Hs QR24048 0.285SR AL RJ,1.5407,DC,On going
80741472,90449271,170,2855.844746,SHM BC162H QR,Non AD shampoo,BC162Hs QR14048 0.285SB RJ,1.5407,DC,On going
80737367,90074245,900,2157.708905,SHM BC198O,Non AD shampoo,BC198 O1RP151020L 0.7MB RJ,2.0392,EC,HKTW
80736982,90441514,750,1294.650739,SHM BC156OF,AD shampoo,BC156o F1RT300117 0.4PO 0.65SE RJ,3.3986,EC,On going
80736984,90441514,930,2088.178065,SHM BC156OF,AD shampoo,BC156o F1RT300117 0.4PO 0.65SE RJ,2.1071,EC,On going
80741481,90446985,360,2697.235334,SHM BC162H QR,Non AD shampoo,BC162Hs QR14048 0.285SB RJ,1.6313,DC,On going
80741462,90449271,360,2697.235334,SHM BC162H QR,Non AD shampoo,BC162Hs QR14048 0.285SB RJ,1.6313,DC,On going
80736983,90441514,400,2427.452278,SHM BC156OF,AD shampoo,BC156o F1RT300117 0.4PO 0.65SE RJ,1.8126,EC,On going
80721996,90167254,400,2427.586207,SHM BC156OF,AD shampoo,BC156o F1RT300106 0.5PO 1.1PR HS,1.8125,HS,On going
80738395,90450748,200,2427.452278,SHM BC162H QR,Non AD shampoo,BC162Hs QR48143 0.475SW VS,1.8126,VS,On going
80738608,90454761,200,2427.452278,SHM BC162H VR,Non AD shampoo,BC162Hs VR48048 0.523SW VS,1.8126,VS,On going
80741471,90449300,360,2697.235334,SHM BC162H QR,Non AD shampoo,BC162Hs QR14048 0.285MC RJ,1.6313,DC,On going
80747821,96805065,360,5237.47173,COND BC264MD50,Non AD conditioner,BC264 MD50 0.5TAS KTN 0.6 Silkroad Bloom,0.8401,DC,On going
80747820,96805062,360,5237.47173,COND BC264MD50,Non AD conditioner,BC264 MD50 1.0TAS KTN 0.6Silkroad Bloom,0.8401,DC,On going
80722012,90261738,750,1294.650739,SHM BC156OF,AD shampoo,BC156o F1RT300117 0.5PO 0.85Vi HS,3.3986,HS,On going
80721989,90088408,200,4855.4403,COND B96,PO conditioner,B96-24 0.25PO 1TAS NaBz 0.5VA HS,0.9062,HS,On going
80741476,90446985,170,2855.844746,SHM BC162H QR,Non AD shampoo,BC162Hs QR14048 0.285SB RJ,1.5407,DC,On going
80741478,90428382,360,2697.235334,SHM BC162H QR,Non AD shampoo,BC162Hs QR24048 0.285SR AL RJ,1.6313,DC,On going
80738857,90444843,310,3040.984173,SHM BC89,Clear shampoo,BC89 HXs 0.05XL 0.9SN VS,1.4469,VS,On going
80738859,90444832,310,3132.118451,SHM BC177C,PO shampoo,BC177C G1XJ152000 nil PO 0.9Siri VS,1.4048,VS,On going
80741454,90449300,170,2855.844746,SHM BC162H QR,Non AD shampoo,BC162Hs QR14048 0.285MC RJ,1.5407,DC,On going
90493589,90454761,400,28277.63496,SHM BC162H VR,Non AD shampoo,BC162Hs VR48048 0.523SW VS,0.1556,VS,Pack
80721765,90076490,400,2427.452278,SHM BC162H LR,Non AD shampoo,BC162H LR3520 0.5FR Histidine PTN,1.8126,PTN,On going
80721990,90142374,400,4855.4403,COND BC27S109,PO conditioner,BC27 S109-20 0.25PO 0.66PDMS 0.55Vi NaBz,0.9062,HS,On going
80745952,90430053,40,11783.61007,COND BC840M68,Non AD conditioner,BC840M68-25 KTN 1.6TFS 1.7MSW 0.9Siri,0.3734,PTN,On going
80745946,90430053,180,5237.47173,COND BC840M68,Non AD conditioner,BC840M68-25 KTN 1.6TFS 1.7MSW 0.9Siri,0.8401,PTN,On going
80745943,90599946,180,5237.47173,COND BC840M68,Non AD conditioner,BC840M68-25 KTN 2.1TAS 2FS 0.5Sil 0.9RL,0.8401,PTN,On going
80745951,90430053,230,4098.742431,COND BC840M68,Non AD conditioner,BC840M68-25 KTN 1.6TFS 1.7MSW 0.9Siri,1.0735,PTN,On going
80741465,90433045,1180,822.8605625,SHM BC162H QRC,Climbazole shampoo,BC162Hs QRc2400 0.45C 0.285SR AL RJ,5.3472,DC,On going
80745948,90599946,40,11783.61007,COND BC840M68,Non AD conditioner,BC840M68-25 KTN 2.1TAS 2FS 0.5Sil 0.9RL,0.3734,PTN,On going
80745949,90599946,70,6734.006734,COND BC840M68,Non AD conditioner,BC840M68-25 KTN 2.1TAS 2FS 0.5Sil 0.9RL,0.6534,PTN,On going
80747705,90599946,230,4098.742431,COND BC840M68,Non AD conditioner,BC840M68-25 KTN 2.1TAS 2FS 0.5Sil 0.9RL,1.0735,PTN,On going
90400923,90148173,700,16647.74877,SHM BC156OF,AD shampoo,BC156o F1RT300106 0.5PO 1.1TS HS,0.2643,HS,pack
80717305,90288138,400,2427.586207,SHM BC156OF,AD shampoo,BC156o F1RT300121 0.5PO 0.75VA HS,1.8125,HS,On going
80717306,90288138,200,2427.586207,SHM BC156OF,AD shampoo,BC156o F1RT300121 0.5PO 0.75VA HS,1.8125,HS,On going
80741548,90459374,750,1294.650739,SHM BC109 ,Clear shampoo,BC109s P1905X10 0.475FR PN,3.3986,PTN,On going
90405862,90148173,400,28277.63496,SHM BC156OF,AD shampoo,BC156o F1RT300106 0.5PO 1.1TS HS,0.1556,HS,pack
20106611,90433045,360,32376.74761,SHM BC162H QRC,Climbazole shampoo,BC162Hs QRc2400 0.45C 0.285SR AL RJ,0.1359,DC,Pack
20131790,90438064,360,32376.74761,SHM BC162H QR,Non AD shampoo,BC162Hs QR14048 0.285SB RJ,0.1359,DC,Pack
20126362,90438064,750,15531.23897,SHM BC162H QR,Non AD shampoo,BC162Hs QR14048 0.285SB RJ,0.2833,DC,Pack
20102742,90433045,750,15531.23897,SHM BC162H QRC,Climbazole shampoo,BC162Hs QRc2400 0.45C 0.285SR AL RJ,0.2833,DC,Pack
80742024,90431210,300,3142.408227,COND BC840M68,Non AD conditioner,BC840M68-25 Nil Sil KTN 0.55SC PN,1.4002,PTN,On going
80742025,90124996,300,3236.722083,SHM BC89,Clear shampoo,BC89 HXs PTN 0.05XL 0.8 SunCit Hist CL,1.3594,PTN,On going
80738611,90450748,400,2427.452278,SHM BC162H QR,Non AD shampoo,BC162Hs QR48143 0.475SW VS,1.8126,VS,On going
80739139,90444829,310,3040.984173,SHM BC177C,PO shampoo,BC177C G1XJ152000 nil PO 0.9LZ VS,1.4469,VS,On going
80721970,90167254,1000,1942.004678,SHM BC156OF,AD shampoo,BC156o F1RT300106 0.5PO 1.1PR HS,2.2657,HS,On going
80738394,90454761,400,2427.452278,SHM BC162H VR,Non AD shampoo,BC162Hs VR48048 0.523SW VS,1.8126,VS,On going
90495601,90444843,500,22622.10797,SHM BC89,Clear shampoo,BC89 HXs 0.05XL 0.9SN VS,0.1945,VS,PACK
80745944,90435008,180,5237.47173,COND BC840M68,Non AD conditioner,BC840M68-25 KTN 4.1TFS 0.75RL PTN,0.8401,PTN,On going
80745945,90421251,180,5237.47173,COND BC840M68,Non AD conditioner,BC840M68-25 KTN 4.5TFS 0.75RL PTN,0.8401,PTN,On going
80747117,96805065,750,1256.927384,COND BC264MD50,Non AD conditioner,BC264 MD50 0.5TAS KTN 0.6 Silkroad Bloom,3.5006,DC,On going
20134259,91792647,400,28277.63496,COND BC840M68,Non AD conditioner,BC840M68-25 4.3TFS KTN 0.8GS PNT,0.1556,PTN,Pack
20108197,90599946,180,62857.14286,COND BC840M68,Non AD conditioner,BC840M68-25 KTN 2.1TAS 2FS 0.5Sil 0.9RL,0.07,PTN,Pack
80751778,91821802,200,2427.452278,SHM BC189T,Non AD shampoo,BC189T A17NKBP20072008G20S08 0.8GS PNT,1.8126,PTN,On going
80744694,90473125,480,2022.895499,SHM BC156OF,AD shampoo,BC156o F1RT300117 0.5PO 0.9MT HS,2.1751,HS,On going
20111158,90438064,170,68535.82555,SHM BC162H QR,Non AD shampoo,BC162Hs QR14048 0.285SB RJ,0.0642,DC,Pack
20131241,90433045,170,68535.82555,SHM BC162H QRC,Climbazole shampoo,BC162Hs QRc2400 0.45C 0.285SR AL RJ,0.0642,DC,Pack
90486590,90432002,210,53855.56916,COND BC840S75,Non AD conditioner,BC840S75-24 0Si KTN 0.65SummerNectar,0.0817,VS,pack
80725125,91821805,500,1885.418006,COND BC840M68,Non AD conditioner,BC840M68-25 4.2TFS KTN 0.8GS PNT,2.3337,PTN,On going
80725128,91792647,750,2513.854768,COND BC840M68,Non AD conditioner,BC840M68-25 4.3TFS KTN 0.8GS PNT,1.7503,PTN,On going
80747823,96805062,170,5545.05356,COND BC264MD50,Non AD conditioner,BC264 MD50 1.0TAS KTN 0.6Silkroad Bloom,0.7935,DC,On going
80736979,90441514,700,1387.137453,SHM BC156OF,AD shampoo,BC156o F1RT300117 0.4PO 0.65SE RJ,3.172,EC,GBU
80749488,97145381,300,6284.816455,SHM BC162H VR,Non AD shampoo,BC162H VR3000 0.85OP Mac JSO AO OR,0.7001,Aussie,On going
20131970,90454578,200,56555.26992,SHM BC162H VRC,Climbazole shampoo,BC162Hs VRc48067 0.45C 0.57FR PN,0.0778,PTN,pack
20131968,90464173,200,56555.26992,SHM BC162H VRC,Climbazole shampoo,BC162Hs VRc48048 0.45C 0.57FR PN,0.0778,PTN,pack
80721969,90167254,750,1294.650739,SHM BC156OF,AD shampoo,BC156o F1RT300106 0.5PO 1.1PR HS,3.3986,HS,On going
20136460,90599946,40,282051.2821,COND BC840M68,Non AD conditioner,BC840M68-25 KTN 2.1TAS 2FS 0.5Sil 0.9RL,0.0156,PTN,Pack
20133406,90441514,400,28277.63496,SHM BC156OF,AD shampoo,BC156o F1RT300117 0.4PO 0.65SE RJ,0.1556,EC,PACK
20137915,90599946,70,161172.1612,COND BC840M68,Non AD conditioner,BC840M68-25 KTN 2.1TAS 2FS 0.5Sil 0.9RL,0.0273,PTN,pack
20133412,90441514,600,18851.75664,SHM BC156OF,AD shampoo,BC156o F1RT300117 0.4PO 0.65SE RJ,0.2334,EC,Pack
20099966,90454761,500,22622.10797,SHM BC162H VR,Non AD shampoo,BC162Hs VR48048 0.523SW VS,0.1945,VS,Pack
80727739,90261738,200,9710.8806,SHM BC156OF,AD shampoo,BC156o F1RT300117 0.5PO 0.85Vi HS,0.4531,HS,On going
80741541,90464173,750,1294.650739,SHM BC162H VRC,Climbazole shampoo,BC162Hs VRc48048 0.45C 0.57FR PN,3.3986,PTN,On going
80741547,90454578,750,1294.650739,SHM BC162H VRC,Climbazole shampoo,BC162Hs VRc48067 0.45C 0.57FR PN,3.3986,PTN,On going
80725127,91792647,500,1885.418006,COND BC840M68,Non AD conditioner,BC840M68-25 4.3TFS KTN 0.8GS PNT,2.3337,PTN,On going
20131242,90441514,200,56555.26992,SHM BC156OF,AD shampoo,BC156o F1RT300117 0.4PO 0.65SE RJ,0.0778,EC,PACK
20114540,90444829,500,22622.10797,SHM BC177C,PO shampoo,BC177C G1XJ152000 nil PO 0.9LZ VS,0.1945,VS,Pack
80725126,91821805,750,2513.854768,COND BC840M68,Non AD conditioner,BC840M68-25 4.2TFS KTN 0.8GS PNT,1.7503,PTN,On going
80751771,91781351,750,1294.650739,SHM BC189H,Non AD shampoo,BC189H Q20R40G10L30 0.8GS PNT,3.3986,PTN,On going
80751765,91821802,750,1294.650739,SHM BC189T,Non AD shampoo,BC189T A17NKBP20072008G20S08 0.8GS PNT,3.3986,PTN,On going
80751773,91821802,1000,1942.004678,SHM BC189T,Non AD shampoo,BC189T A17NKBP20072008G20S08 0.8GS PNT,2.2657,PTN,On going
80751772,91781351,1000,1942.004678,SHM BC189H,Non AD shampoo,BC189H Q20R40G10L30 0.8GS PNT,2.2657,PTN,On going
20138142,91698297,210,53855.56916,COND BC840SC120GLY,Non AD conditioner,BC840Sc120-25-3Gly 0Si KTN 0.8LemonZinge,0.0817,VS,pack
80741553,90469318,750,1294.650739,SHM BC109 ,Clear shampoo,BC109s P29R19D019 0.475FR PN,3.3986,PTN,On going
20156612,91781351,500,23305.08475,SHM BC189H,Non AD shampoo,BC189H Q20R40G10L30 0.8GS PNT,0.1888,PTN,pack
80751768,91781351,200,2427.452278,SHM BC189H,Non AD shampoo,BC189H Q20R40G10L30 0.8GS PNT,1.8126,PTN,On going
20151541,91821802,500,23305.08475,SHM BC189T,Non AD shampoo,BC189T A17NKBP20072008G20S08 0.8GS PNT,0.1888,PTN,Pack
20156608,91792647,500,22622.10797,COND BC840M68,Non AD conditioner,BC840M68-25 4.3TFS KTN 0.8GS PNT,0.1945,PTN,pack
20099643,90450748,400,28277.63496,SHM BC162H QR,Non AD shampoo,BC162Hs QR48143 0.475SW VS,0.1556,VS,Pack
80745852,91802916,400,3534.988351,COND BC264MSF80,Non AD conditioner,BC264MSF80 2.5TAS KTN 0.7FR PNT,1.2447,PTN,On going
80745851,91802916,200,4713.444028,COND BC264MSF80,Non AD conditioner,BC264MSF80 2.5TAS KTN 0.7FR PNT,0.9335,PTN,On going
20151542,91821802,400,28277.63496,SHM BC189T,Non AD shampoo,BC189T A17NKBP20072008G20S08 0.8GS PNT,0.1556,PTN,Pack
20151543,91781351,400,28277.63496,SHM BC189H,Non AD shampoo,BC189H Q20R40G10L30 0.8GS PNT,0.1556,PTN,Pack
20162218,91781351,200,56555.26992,SHM BC189H,Non AD shampoo,BC189H Q20R40G10L30 0.8GS PNT,0.0778,PTN,pack
20142914,91821802,200,56555.26992,SHM BC189T,Non AD shampoo,BC189T A17NKBP20072008G20S08 0.8GS PNT,0.0778,PTN,Pack
20102403,90441514,700,16158.64855,SHM BC156OF,AD shampoo,BC156o F1RT300117 0.4PO 0.65SE RJ,0.2723,EC,PACK
80721980,90148173,700,1387.137453,SHM BC156OF,AD shampoo,BC156o F1RT300106 0.5PO 1.1TS HS,3.172,HS,GBU
20146840,91821805,500,22622.10797,COND BC840M68,Non AD conditioner,BC840M68-25 4.2TFS KTN 0.8GS PNT,0.1945,PTN,Pack
80748004,90167254,750,2589.301477,SHM BC156OF,AD shampoo,BC156o F1RT300106 0.5PO 1.1PR HS,1.6993,HS,HKTW
80748008,90261738,750,2589.301477,SHM BC156OF,AD shampoo,BC156o F1RT300117 0.5PO 0.85Vi HS,1.6993,HS,HKTW
91555197,91821805,200,56555.26992,COND BC840M68,Non AD conditioner,BC840M68-25 4.2TFS KTN 0.8GS PNT,0.0778,PTN,Pack
80745950,90435008,40,11783.61007,COND BC840M68,Non AD conditioner,BC840M68-25 KTN 4.1TFS 0.75RL PTN,0.3734,PTN,FGOI
80748005,90148173,750,2589.301477,SHM BC156OF,AD shampoo,BC156o F1RT300106 0.5PO 1.1TS HS,1.6993,HS,HKTW
80748006,90169500,750,2589.301477,SHM BC156OF,AD shampoo,BC156o F1RT300108 0.5PO 1.1TS HS,1.6993,HS,HKTW
80742467,90169500,750,2589.301477,SHM BC156OF,AD shampoo,BC156o F1RT300108 0.5PO 1.1TS HS,1.6993,HS,HKTW
80742451,90148173,750,2589.301477,SHM BC156OF,AD shampoo,BC156o F1RT300106 0.5PO 1.1TS HS,1.6993,HS,HKTW
80742466,90291266,750,2589.301477,SHM BC177N,PO shampoo,BC177N G1XJ152000 o0.5 0.9PR HS,1.6993,HS,HKTW
80748009,90291266,750,2589.301477,SHM BC177N,PO shampoo,BC177N G1XJ152000 o0.5 0.9PR HS,1.6993,HS,HKTW
80742453,90261738,750,2589.301477,SHM BC156OF,AD shampoo,BC156o F1RT300117 0.5PO 0.85Vi HS,1.6993,HS,HKTW
80749486,91709062,300,6284.816455,SHM BC162CW,Clear shampoo,BC162C WM2500 0.55MidSum AU,0.7001,Aussie,On going
20102404,90441514,500,22622.10797,SHM BC156OF,AD shampoo,BC156o F1RT300117 0.4PO 0.65SE RJ,0.1945,EC,Pack
80750102,91483145,200,9427.898007,COND BC264SP11,Non AD conditioner,BC264SP11 0.25TAS KTN 0.65OP 2015C AU,0.4667,Aussie,On going
80747827,90167254,1000,1942.004678,SHM BC156OF,AD shampoo,BC156o F1RT300106 0.5PO 1.1PR HS,2.2657,HS,HKTW
80742458,90167254,400,2427.452278,SHM BC156OF,AD shampoo,BC156o F1RT300106 0.5PO 1.1PR HS,1.8126,HS,HKTW
80742452,90167254,750,2589.301477,SHM BC156OF,AD shampoo,BC156o F1RT300106 0.5PO 1.1PR HS,1.6993,HS,HKTW
90463222,90276496,750,15083.9904,SHM BC156OF,AD shampoo,BC156o F1RT300116 0.5PO 1.20JJF HS,0.2917,HS,HKTW
90479561,90475791,750,15083.9904,SHM BC156OF,AD shampoo,BC156o F1RT300116 0.5PO 1.50MM HS,0.2917,HS,HKTW
80742465,90298879,750,2589.301477,SHM BC156OF,AD shampoo,BC156o F1RT300104 0.5PO 1.1CMM HS,1.6993,HS,HKTW
90392224,90167254,500,23305.08475,SHM BC156OF,AD shampoo,BC156o F1RT300106 0.5PO 1.1PR HS,0.1888,HS,Pack
80748007,90142374,750,2513.854768,COND BC27S109,PO conditioner,BC27 S109-20 0.25PO 0.66PDMS 0.55Vi NaBz,1.7503,HS,HKTW
80742464,90142374,750,2513.854768,COND BC27S109,PO conditioner,BC27 S109-20 0.25PO 0.66PDMS 0.55Vi NaBz,1.7503,HS,HKTW
20146839,91821802,750,15083.9904,SHM BC189T,Non AD shampoo,BC189T A17NKBP20072008G20S08 0.8GS PNT,0.2917,PTN,Pack
80747831,90261738,1200,1618.301519,SHM BC156OF,AD shampoo,BC156o F1RT300117 0.5PO 0.85Vi HS,2.7189,HS,HKTW
80747829,90148173,1200,1618.301519,SHM BC156OF,AD shampoo,BC156o F1RT300106 0.5PO 1.1TS HS,2.7189,HS,HKTW
80745254,90449843,530,1832.035641,SHM BC109 ,Clear shampoo,BC109 P30R20D00 1.1Atlas RJ,2.4017,EC,HKTW
80742460,90261738,950,2044.134727,SHM BC156OF,AD shampoo,BC156o F1RT300117 0.5PO 0.85Vi HS,2.1525,HS,HKTW
80742461,90167254,950,2044.134727,SHM BC156OF,AD shampoo,BC156o F1RT300106 0.5PO 1.1PR HS,2.1525,HS,HKTW
80742450,90291266,950,2044.134727,SHM BC177N,PO shampoo,BC177N G1XJ152000 o0.5 0.9PR HS,2.1525,HS,HKTW
20104984,90430053,180,62857.14286,COND BC840M68,Non AD conditioner,BC840M68-25 KTN 1.6TFS 1.7MSW 0.9Siri,0.07,PTN,Pack
80744721,91265489,300,3236.722083,SHM BC188S,PO shampoo,BC188 S07X4000 0.8PO 1.1FGB,1.3594,HS,On going
80745853,91802916,750,2513.854768,COND BC264MSF80,Non AD conditioner,BC264MSF80 2.5TAS KTN 0.7FR PNT,1.7503,PTN,On going
80742462,90148173,950,2044.134727,SHM BC156OF,AD shampoo,BC156o F1RT300106 0.5PO 1.1TS HS,2.1525,HS,HKTW
80742463,90169500,950,2044.134727,SHM BC156OF,AD shampoo,BC156o F1RT300108 0.5PO 1.1TS HS,2.1525,HS,HKTW
80736985,90441514,1000,1942.004678,SHM BC156OF,AD shampoo,BC156o F1RT300117 0.4PO 0.65SE RJ,2.2657,EC,On going
80747828,90167254,1200,1618.301519,SHM BC156OF,AD shampoo,BC156o F1RT300106 0.5PO 1.1PR HS,2.7189,HS,HKTW
80744720,91297192,300,3236.722083,SHM BC188S,PO shampoo,BC188 S07X4000 0.8PO 1.1MSR,1.3594,HS,On going
80729908,90288239,80,6068.965517,SHM BC156OF,AD shampoo,BC156o F1RT300110 0.5PO 0.7FGB HS,0.725,HS,FGOI
80745888,90442252,530,2371.58411,SHM BC177N,PO shampoo,BC177N G1XJ152000 nilPO KTN 0.8OB HR,1.8553,HR,HKTW
80749196,91265489,80,6068.965517,SHM BC188S,PO shampoo,BC188 S07X4000 0.8PO 1.1FGB,0.725,HS,FGOI
80742026,90124996,530,1832.035641,SHM BC89,Clear shampoo,BC89 HXs PTN 0.05XL 0.8 SunCit Hist CL,2.4017,PTN,On going
80757469,90418008,340,5545.05356,COND BC840MD67,Non AD conditioner,BC840MD67-24 0.5TAS 0.65OP,0.7935,Aussie,On going
80749485,91709109,200,9427.898007,COND BC840S75,Non AD conditioner,BC840 S75-24 0.5T 0.5MidSum KTN Aussie,0.4667,Aussie,On going
20157877,90167254,200,58278.1457,SHM BC156OF,AD shampoo,BC156o F1RT300106 0.5PO 1.1PR HS,0.0755,HS,HKTW
80717312,90299026,80,6068.965517,SHM BC177N,PO shampoo,BC177N G1XJ152000 o0.5 1.0CMM HS,0.725,HS,FGOI
20165373,90167254,1000,11311.05398,SHM BC156OF,AD shampoo,BC156o F1RT300106 0.5PO 1.1PR HS,0.389,HS,HKTW
80749204,90449300,1000,970.9809114,SHM BC162H QR,Non AD shampoo,BC162Hs QR14048 0.285MC RJ,4.5315,DC,On going
80755435,90261738,80,6068.965517,SHM BC156OF,AD shampoo,BC156o F1RT300117 0.5PO 0.85Vi HS,0.725,HS,FGOI
20140862,91297192,500,23305.08475,SHM BC188S,PO shampoo,BC188 S07X4000 0.8PO 1.1MSR,0.1888,HS,Pack
80755665,90148173,80,6068.965517,SHM BC156OF,AD shampoo,BC156o F1RT300106 0.5PO 1.1TS HS,0.725,HS,FGOI
80720217,90276491,300,3236.722083,SHM BC156OF,AD shampoo,BC156o F1RT300116 0.5PO 1.30DaphneVN HS,1.3594,HS,FGOI
20148423,90148173,1000,11311.05398,SHM BC156OF,AD shampoo,BC156o F1RT300106 0.5PO 1.1TS HS,0.389,HS,HKTW
80747826,90148173,1000,1942.004678,SHM BC156OF,AD shampoo,BC156o F1RT300106 0.5PO 1.1TS HS,2.2657,HS,HKTW
20153087,90261738,1000,11311.05398,SHM BC156OF,AD shampoo,BC156o F1RT300117 0.5PO 0.85Vi HS,0.389,HS,HKTW
80747830,90261738,1000,1942.004678,SHM BC156OF,AD shampoo,BC156o F1RT300117 0.5PO 0.85Vi HS,2.2657,HS,HKTW
90392225,90169500,700,16647.74877,SHM BC156OF,AD shampoo,BC156o F1RT300108 0.5PO 1.1TS HS,0.2643,HS,pack
80721325,90288239,680,1427.922373,SHM BC156OF,AD shampoo,BC156o F1RT300110 0.5PO 0.7FGB HS,3.0814,HS,Pack
20105666,90450748,500,22622.10797,SHM BC162H QR,Non AD shampoo,BC162Hs QR48143 0.475SW VS,0.1945,VS,Pack
90416224,90276491,80,145695.3642,SHM BC156OF,AD shampoo,BC156o F1RT300116 0.5PO 1.30DaphneVN HS,0.0302,HS,pack
80749195,91297192,80,6068.965517,SHM BC188S,PO shampoo,BC188 S07X4000 0.8PO 1.1MSR,0.725,HS,FGOI
80750101,91709062,530,2371.58411,SHM BC162CW,Clear shampoo,BC162C WM2500 0.55MidSum AU,1.8553,Aussie,On going
80745954,90485140,470,2005.743721,SHM BC189H,Non AD shampoo,BC189H A17NKP301015G10S05 0.8Redline PNT,2.1937,PTN,On going
90412668,90167254,700,16647.74877,SHM BC156OF,AD shampoo,BC156o F1RT300106 0.5PO 1.1PR HS,0.2643,HS,pack
20142918,91821805,750,15083.9904,COND BC840M68,Non AD conditioner,BC840M68-25 4.2TFS KTN 0.8GS PNT,0.2917,PTN,Pack
20162219,91781351,750,15083.9904,SHM BC189H,Non AD shampoo,BC189H Q20R40G10L30 0.8GS PNT,0.2917,PTN,Pack
20172837,90393423,670,17391.30435,SHM BC177N,PO shampoo,BC177N G1XJ151000 o0.5 1.1PR HS,0.253,HS,Pack
20129559,90444843,310,36484.24544,SHM BC89,Clear shampoo,BC89 HXs 0.05XL 0.9SN VS,0.1206,VS,Pack
20162227,91792647,750,15083.9904,COND BC840M68,Non AD conditioner,BC840M68-25 4.3TFS KTN 0.8GS PNT,0.2917,PTN,Pack
20179275,90430053,40,282051.2821,COND BC840M68,Non AD conditioner,BC840M68-25 KTN 1.6TFS 1.7MSW 0.9Siri,0.0156,PTN,Pack
20172837,90393423,670,17391.30435,SHM BC177N,PO shampoo,BC177N G1XJ151000 o0.5 1.1PR HS,0.253,HS,Pack
20129559,90444843,310,36484.24544,SHM BC89,Clear shampoo,BC89 HXs 0.05XL 0.9SN VS,0.1206,VS,Pack
20162227,91792647,750,15083.9904,COND BC840M68,Non AD conditioner,BC840M68-25 4.3TFS KTN 0.8GS PNT,0.2917,PTN,Pack
20179275,90430053,40,282051.2821,COND BC840M68,Non AD conditioner,BC840M68-25 KTN 1.6TFS 1.7MSW 0.9Siri,0.0156,PTN,Pack
80721993,90067037,400,4713.444028,COND BC27S109,PO conditioner,BC27 S109-20 0.25PO 0.66PDMS 0.5FGB NaBz,0.9335,HS,On going
80749484,91709109,340,5545.05356,COND BC840S75,Non AD conditioner,BC840 S75-24 0.5T 0.5MidSum KTN Aussie,0.7935,Aussie,On going
80721992,90088408,400,4713.444028,COND B96,PO conditioner,B96-24 0.25PO 1TAS NaBz 0.5VA HS,0.9335,HS,On going
20179274,90124996,530,21989.0055,SHM BC89,Clear shampoo,BC89 HXs PTN 0.05XL 0.8 SunCit Hist CL,0.2001,PTN,pack
90431730,90261738,680,17133.95639,SHM BC156OF,AD shampoo,BC156o F1RT300117 0.5PO 0.85Vi HS,0.2568,HS,pack
20152471,90288239,680,17133.95639,SHM BC156OF,AD shampoo,BC156o F1RT300117 0.5PO 0.85Vi HS,0.2568,HS,PACK
20192334,90406979,670,17391.30435,SHM BC177N,PO shampoo,BC177N G1XJ152000 o0.5 0.8FGB HS,0.253,HS,Pack
90431738,90148173,680,17133.95639,SHM BC156OF,AD shampoo,BC156o F1RT300117 0.5PO 0.85Vi HS,0.2568,HS,pack
80737956,90449843,300,3236.722083,SHM BC109 ,Clear shampoo,BC109 P30R20D00 1.1Atlas RJ,1.3594,EC,On going
20175396,90276491,300,39532.79425,SHM BC156OF,AD shampoo,BC156o F1RT300116 0.5PO 1.30DaphneVN HS,0.1113,HS,Pack
90427018,90167254,680,17133.95639,SHM BC156OF,AD shampoo,BC156o F1RT300106 0.5PO 1.1PR HS,0.2568,HS,pack
90431740,90169500,680,17133.95639,SHM BC156OF,AD shampoo,BC156o F1RT300108 0.5PO 1.1TS HS,0.2568,HS,pack
20201306,90261738,80,141479.0997,SHM BC156OF,AD shampoo,BC156o F1RT300117 0.5PO 0.85Vi HS,0.0311,HS,pack
90427019,90261738,80,141479.0997,SHM BC156OF,AD shampoo,BC156o F1RT300117 0.5PO 0.85Vi HS,0.0311,HS,pack
20144335,90124996,300,38834.95146,SHM BC89,Clear shampoo,BC89 HXs PTN 0.05XL 0.8 SunCit Hist CL,0.1133,PTN,PACK
20179232,91297192,300,39532.79425,SHM BC188S,PO shampoo,BC188 S07X4000 0.8PO 1.1MSR,0.1113,HS,Pack
20188931,91265489,300,39532.79425,SHM BC188S,PO shampoo,BC188 S07X4000 0.8PO 1.1FGB,0.1113,HS,Pack
80745947,90435008,40,11783.61007,COND BC840M68,Non AD conditioner,BC840M68-25 KTN 4.1TFS 0.75RL PTN,0.3734,PTN,FGOI
80741550,90459374,400,2427.452278,SHM BC109 ,Clear shampoo,BC109s P1905X10 0.475FR PN,1.8126,PTN,On going
80741545,90454578,400,2427.452278,SHM BC162H VRC,Climbazole shampoo,BC162Hs VRc48067 0.45C 0.57FR PN,1.8126,PTN,On going
80751779,91821802,400,2427.452278,SHM BC189T,Non AD shampoo,BC189T A17NKBP20072008G20S08 0.8GS PNT,1.8126,PTN,On going
80751769,91781351,400,2427.452278,SHM BC189H,Non AD shampoo,BC189H Q20R40G10L30 0.8GS PNT,1.8126,PTN,On going
80741552,90469318,400,2427.452278,SHM BC109 ,Clear shampoo,BC109s P29R19D019 0.475FR PN,1.8126,PTN,On going
80741542,90464173,400,2427.452278,SHM BC162H VRC,Climbazole shampoo,BC162Hs VRc48048 0.45C 0.57FR PN,1.8126,PTN,On going
20183844,90442252,530,21348.85978,SHM BC177N,PO shampoo,BC177N G1XJ152000 nilPO KTN 0.8OB HR,0.2061,HR,pack
20109051,90599946,180,62857.14286,COND BC840M68,Non AD conditioner,BC840M68-25 KTN 2.1TAS 2FS 0.5Sil 0.9RL,0.07,PTN,Pack
80763264,20159980,530,1832.035641,SHM BC189H,Non AD shampoo,BC189H A17NKP301015G23 KTN 1.0BTO PNT,2.4017,PTN,On going
90398112,90148173,80,145695.3642,SHM BC156OF,AD shampoo,BC156o F1RT300106 0.5PO 1.1TS HS,0.0302,HS,pack
20178776,90148173,80,141479.0997,SHM BC156OF,AD shampoo,BC156o F1RT300106 0.5PO 1.1TS HS,0.0311,HS,pack
80763266,20171348,530,1832.035641,SHM BC189T,Non AD shampoo,BC189T A20NP1510G05 KTN 0.25M 1.1MT PNT,2.4017,PTN,On going
20174931,90148173,80,141479.0997,SHM BC156OF,AD shampoo,BC156o F1RT300106 0.5PO 1.1TS HS,0.0311,HS,pack
20175416,90430053,180,62857.14286,COND BC840M68,Non AD conditioner,BC840M68-25 KTN 1.6TFS 1.7MSW 0.9Siri,0.07,PTN,Pack
20201226,90261738,680,17133.95639,SHM BC156OF,AD shampoo,BC156o F1RT300117 0.5PO 0.85Vi HS,0.2568,HS,pack
20201227,90148173,680,17133.95639,SHM BC156OF,AD shampoo,BC156o F1RT300106 0.5PO 1.1TS HS,0.2568,HS,pack
20202167,90276491,300,39532.79425,SHM BC156OF,AD shampoo,BC156o F1RT300116 0.5PO 1.30DaphneVN HS,0.1113,HS,Pack
20175402,91297192,300,39532.79425,SHM BC188S,PO shampoo,BC188 S07X4000 0.8PO 1.1MSR,0.1113,HS,Pack
20202177,91265489,300,38834.95146,SHM BC188S,PO shampoo,BC188 S07X4000 0.8PO 1.1FGB,0.1133,HS,Pack
20138432,90444843,500,22622.10797,SHM BC189H,Non AD shampoo,BC89 HXs 0.05XL 0.9SN VS,0.1945,VS,PACK
20202180,90444843,310,36484.24544,SHM BC189H,Non AD shampoo,BC89 HXs 0.05XL 0.9SN VS,0.1206,VS,Pack
20178956,90442252,530,21348.85978,SHM BC177G,PO shampoo,BC177 G1XJ152000 0.8OB HR,0.2061,HR,pack
80768407,20111636,200,2427.452278,SHM BC189T,Non AD shampoo,BC189T R17NP3515 G15S08 0.8GS PN,1.8126,PTN,On going
20164769,90148173,200,58278.1457,SHM BC156OF,AD shampoo,BC156o F1RT300106 0.5PO 1.1TS HS,0.0755,HS,HKTW
20223532,91781351,1000,11652.54237,SHM BC189H,Non AD shampoo,BC189H Q20R40G10L30 0.8GS PNT,0.3776,PTN,Pack
20218750,91821802,1000,11652.54237,SHM BC189T,Non AD shampoo,BC189T A17NKBP20072008G20S08 0.8GS PNT,0.3776,PTN,Pack
20236226,91821805,400,28277.63496,COND BC840M68,Non AD conditioner,BC840M68-25 4.2TFS KTN 0.8GS PNT,0.1556,PTN,Pack
90499006,90288239,700,16647.74877,SHM BC156OF,AD shampoo,BC156o F1RT300110 0.5PO 0.7FGB HS,0.2643,HS,PACK
80754081,20175815,200,4713.444028,COND BC840S75,Non AD conditioner,BC840S75-24 1TAS KTN 0.7MB RJ,0.9335,EC,On going
80768733,90444843,500,1885.418006,SHM BC89,Clear shampoo,BC89 HXs 0.05XL 0.9SN VS,2.3337,VS,On going
80754063,91830918,930,2088.178065,SHM BC198O,Non AD shampoo,BC198 O1RP151020L 0.7MB RJ,2.1071,EC,GBU
80741475,90433045,930,1044.064257,SHM BC162H QRC,Climbazole shampoo,BC162Hs QRc2400 0.45C 0.285SR AL RJ,4.2143,DC,GBU
80769324,91781351,930,2088.178065,SHM BC189H,Non AD shampoo,BC189H Q20R40G10L30 0.8GS PNT,2.1071,PTN,GBU
80742079,90438064,930,1044.064257,SHM BC162H QR,Non AD shampoo,BC162Hs QR14048 0.285SB RJ,4.2143,DC,GBU
80754101,90441514,930,2088.178065,SHM BC156OF,AD shampoo,BC156o F1RT300117 0.4PO 0.65SE RJ,2.1071,EC,GBU
80754098,90441514,400,2427.452278,SHM BC156OF,AD shampoo,BC156o F1RT300117 0.4PO 0.65SE RJ,1.8126,EC,On going
80754083,91830918,750,1294.650739,SHM BC198O,Non AD shampoo,BC198 O1RP151020L 0.7MB RJ,3.3986,EC,On going
80754099,90441514,200,2427.452278,SHM BC156OF,AD shampoo,BC156o F1RT300117 0.4PO 0.65SE RJ,1.8126,EC,On going
80752892,91821802,930,2088.178065,SHM BC189T,Non AD shampoo,BC189T A17NKBP20072008G20S08 0.8GS PNT,2.1071,PTN,GBU
80754088,90074190,400,2427.452278,SHM BC109 ,Clear shampoo,BC109 P30R20D00 1.0MM RJ,1.8126,EC,On going
80754075,90330061,750,1294.650739,SHM BC156CF,Climbazole shampoo,BC156c F1RT300104 0.45C 0.9SE-Menthol RJ,3.3986,EC,On going
80722020,90261738,700,1387.137453,SHM BC156OF,AD shampoo,BC156o F1RT300117 0.5PO 0.85Vi HS,3.172,HS,GBU
80751780,91821802,500,1834.403402,SHM BC189T,Non AD shampoo,BC189T A17NKBP20072008G20S08 0.8GS PNT,2.3986,PTN,GBU
20157893,90261738,200,58278.1457,SHM BC156OF,AD shampoo,BC156o F1RT300117 0.5PO 0.85Vi HS,0.0755,HS,HKTW
20219080,91830918,200,56555.26992,SHM BC198O,Non AD shampoo,BC198 O1RP151020L 0.7MB RJ,0.0778,EC,Pack
20223871,90441514,200,56555.26992,SHM BC156OF,AD shampoo,BC156o F1RT300117 0.4PO 0.65SE RJ,0.0778,EC,Pack
20214147,20175815,200,56555.26992,COND BC840S75,Non AD conditioner,BC840S75-24 1TAS KTN 0.7MB RJ,0.0778,EC,Pack
80754066,20175819,400,4713.444028,COND BC840S75,Non AD conditioner,BC840S75-24 1TAS KTN 0.7MB RJ,0.9335,EC,On going
80754094,20171871,200,4713.444028,COND BC27S109,PO conditioner,S109-20 0.25PO 0.63PDMS NaBz 0.8SA RJ,0.9335,EC,On going
20214141,90441514,400,28277.63496,SHM BC156OF,AD shampoo,BC156o F1RT300117 0.4PO 0.65SE RJ,0.1556,EC,Pack
20223872,91830918,400,28277.63496,SHM BC198O,Non AD shampoo,BC198 O1RP151020L 0.7MB RJ,0.1556,EC,Pack
80754070,90330029,400,2427.452278,SHM BC198N,Non AD shampoo,BC198 N1RP151020L 0.6MB RJ,1.8126,EC,On going
80754096,90441514,750,1294.650739,SHM BC156OF,AD shampoo,BC156o F1RT300117 0.4PO 0.65SE RJ,3.3986,EC,On going
80754089,90074190,200,2427.452278,SHM BC109 ,Clear shampoo,BC109 P30R20D00 1.0MM RJ,1.8126,EC,On going
80754085,91830918,400,2427.452278,SHM BC198O,Non AD shampoo,BC198 O1RP151020L 0.7MB RJ,1.8126,EC,On going
80754067,20175819,200,4713.444028,COND BC840S75,Non AD conditioner,BC840S75-24 1TAS KTN 0.7MB RJ,0.9335,EC,On going
90444262,90261738,450,25142.85714,SHM BC156OF,AD shampoo,BC156o F1RT300117 0.5PO 0.85Vi HS,0.175,HS,Pack
80754093,20171871,400,4713.444028,COND BC27S109,PO conditioner,S109-20 0.25PO 0.63PDMS NaBz 0.8SA RJ,0.9335,EC,On going
80754080,20175815,400,4713.444028,COND BC840S75,Non AD conditioner,BC840S75-24 1TAS KTN 0.7MB RJ,0.9335,EC,On going
80768732,90444832,500,1885.418006,SHM BC177G,PO shampoo,BC177 G1XJ152000 0.9Siri VS,2.3337,VS,On going
80751770,91781351,500,1942.004678,SHM BC189H,Non AD shampoo,BC189H Q20R40G10L30 0.8GS PNT,2.2657,PTN,On going
80722019,90261738,650,1493.854824,SHM BC156OF,AD shampoo,BC156o F1RT300117 0.5PO 0.85Vi HS,2.9454,HS,On going
80754071,90330029,200,2427.452278,SHM BC198N,Non AD shampoo,BC198 N1RP151020L 0.6MB RJ,1.8126,EC,On going
80754074,90074245,200,2427.452278,SHM BC198O,Non AD shampoo,BC198 O1RP151020L 0.7MB RJ,1.8126,EC,On going
80754078,20175815,750,2513.854768,COND BC840S75,Non AD conditioner,BC840S75-24 1TAS KTN 0.7MB RJ,1.7503,EC,On going
80754068,90330029,750,1294.650739,SHM BC198N,Non AD shampoo,BC198 N1RP151020L 0.6MB RJ,3.3986,EC,On going
80754087,90074190,750,1294.650739,SHM BC109 ,Clear shampoo,BC109 P30R20D00 1.0MM RJ,3.3986,EC,On going
80754086,91830918,200,2427.452278,SHM BC198O,Non AD shampoo,BC198 O1RP151020L 0.7MB RJ,1.8126,EC,On going
80754072,90074245,750,1294.650739,SHM BC198O,Non AD shampoo,BC198 O1RP151020L 0.7MB RJ,3.3986,EC,On going
80754077,90330061,200,2427.452278,SHM BC156CF,Climbazole shampoo,BC156c F1RT300104 0.45C 0.9SE-Menthol RJ,1.8126,EC,On going
80768410,20111636,750,1294.650739,SHM BC189T,Non AD shampoo,BC189T R17NP3515 G15S08 0.8GS PN,3.3986,PTN,On going
20236814,91830918,600,18851.75664,SHM BC198O,Non AD shampoo,BC198 O1RP151020L 0.7MB RJ,0.2334,EC,pack
20219082,90441514,600,18851.75664,SHM BC156OF,AD shampoo,BC156o F1RT300117 0.4PO 0.65SE RJ,0.2334,EC,pack
80770360,90393423,650,1493.804108,SHM BC177N,PO shampoo,BC177N G1XJ151000 o0.5 1.1PR HS,2.9455,HS,HKTW
80770361,90406979,650,1493.804108,SHM BC177N,PO shampoo,BC177N G1XJ152000 o0.5 0.8FGB HS,2.9455,HS,HKTW
80721966,90169500,930,2088.178065,SHM BC156OF,AD shampoo,BC156o F1RT300108 0.5PO 1.1TS HS,2.1071,HS,GBU
20214042,20171871,200,56555.26992,COND BC27S109,PO conditioner,S109-20 0.25PO 0.63PDMS NaBz 0.8SA RJ,0.0778,EC,Pack
80771992,90291266,950,2044.134727,SHM BC177N,PO shampoo,BC177N G1XJ152000 o0.5 0.9PR HS,2.1525,HS,HKTW
80768814,90599946,70,6734.006734,COND BC840M68,Non AD conditioner,BC840M68-25 KTN 2.1TAS 2FS 0.5Sil 0.9RL,0.6534,PTN,HKTW
80768813,90599946,180,5237.47173,COND BC840M68,Non AD conditioner,BC840M68-25 KTN 2.1TAS 2FS 0.5Sil 0.9RL,0.8401,PTN,HKTW
90427005,90148173,450,25142.85714,SHM BC156OF,AD shampoo,BC156o F1RT300106 0.5PO 1.1TS HS,0.175,HS,Pack
80763267,20171348,300,3236.722083,SHM BC189T,Non AD shampoo,BC189T A20NP1510G05 KTN 0.25M 1.1MT PNT,1.3594,PTN,On going
80768403,20111636,1000,1942.004678,SHM BC189T,Non AD shampoo,BC189T R17NP3515 G15S08 0.8GS PN,2.2657,PTN,On going
80763265,20159980,300,3236.722083,SHM BC189H,Non AD shampoo,BC189H A17NKP301015G23 KTN 1.0BTO PNT,1.3594,PTN,On going
80749199,91297192,80,6068.965517,SHM BC188S,PO shampoo,BC188 S07X4000 0.8PO 1.1MSR,0.725,HS,FGOI
80749200,91265489,80,6068.965517,SHM BC188S,PO shampoo,BC188 S07X4000 0.8PO 1.1FGB,0.725,HS,FGOI
20262440,20111636,750,15083.9904,SHM BC189T,Non AD shampoo,BC189T R17NP3515 G15S08 0.8GS PN,0.2917,PTN,Pack
80721763,90091798,400,2427.452278,SHM BC189H,Non AD shampoo,BC189H Q20R40G10L28 0.7GS PNT,1.8126,PTN,On going
80768602,90435008,180,5237.47173,COND BC840M68,Non AD conditioner,BC840M68-25 KTN 4.1TFS 0.75RL PTN,0.8401,PTN,HKTW
80768600,90421251,180,5237.47173,COND BC840M68,Non AD conditioner,BC840M68-25 KTN 4.5TFS 0.75RL PTN,0.8401,PTN,HKTW
80768601,90430053,180,5237.47173,COND BC840M68,Non AD conditioner,BC840M68-25 KTN 1.6TFS 1.7MSW 0.9Siri,0.8401,PTN,HKTW
80768603,90430053,40,11783.61007,COND BC840M68,Non AD conditioner,BC840M68-25 KTN 1.6TFS 1.7MSW 0.9Siri,0.3734,PTN,HKTW
20236632,20175815,200,56555.26992,COND BC840S75,Non AD conditioner,BC840S75-24 1TAS KTN 0.7MB RJ,0.0778,EC,Pack
20262432,20111636,200,56555.26992,SHM BC189T,Non AD shampoo,BC189T R17NP3515 G15S08 0.8GS PN,0.0778,PTN,Pack
20256741,20111636,500,23305.08475,SHM BC189T,Non AD shampoo,BC189T R17NP3515 G15S08 0.8GS PN,0.1888,PTN,Pack
20236839,20175815,400,28277.63496,COND BC840S75,Non AD conditioner,BC840S75-24 1TAS KTN 0.7MB RJ,0.1556,EC,Pack
20251905,20111636,400,28277.63496,SHM BC189T,Non AD shampoo,BC189T R17NP3515 G15S08 0.8GS PN,0.1556,PTN,Pack
80754102,90441514,700,1387.137453,SHM BC156OF,AD shampoo,BC156o F1RT300117 0.4PO 0.65SE RJ,3.172,EC,GBU
80754076,90330061,400,2427.452278,SHM BC156CF,Climbazole shampoo,BC156c F1RT300104 0.45C 0.9SE-Menthol RJ,1.8126,EC,On going
80754058,91830918,700,1387.137453,SHM BC198O,Non AD shampoo,BC198 O1RP151020L 0.7MB RJ,3.172,EC,GBU
80763258,20159980,50,4854.904557,SHM BC189H,Non AD shampoo,BC189H A17NKP301015G23 KTN 1.0BTO PNT,0.9063,PTN,FGOI
20214142,90441514,700,16158.64855,SHM BC156OF,AD shampoo,BC156o F1RT300117 0.4PO 0.65SE RJ,0.2723,EC,pack
20238508,90444843,500,22622.10797,SHM BC89,Clear shampoo,BC89 HXs 0.05XL 0.9SN VS,0.1945,VS,Pack
80754082,91830918,1000,1942.004678,SHM BC198O,Non AD shampoo,BC198 O1RP151020L 0.7MB RJ,2.2657,EC,On going
80741461,90441514,1000,1942.004678,SHM BC156OF,AD shampoo,BC156o F1RT300117 0.4PO 0.65SE RJ,2.2657,DC,On going
80754095,90441514,1000,1942.004678,SHM BC156OF,AD shampoo,BC156o F1RT300117 0.4PO 0.65SE RJ,2.2657,EC,On going
80754073,90074245,400,2427.452278,SHM BC198O,Non AD shampoo,BC198 O1RP151020L 0.7MB RJ,1.8126,EC,On going
20223873,90441514,500,22622.10797,SHM BC156OF,AD shampoo,BC156o F1RT300117 0.4PO 0.65SE RJ,0.1945,EC,pack
21005627,91947826,1280,9104.076143,SHM BC156OG,PO shampoo,BC156o G1RJ302027 0.5PO 0.95Fl HS,0.4833,HS,Pack
80762401,20136918,300,3236.722083,SHM BC188S,PO shampoo,BC188 S07N40S10 0.5PO 1.0QS 0.357M,1.3594,PTN,On going
20247031,20111636,1000,11652.54237,SHM BC189T,Non AD shampoo,BC189T R17NP3515 G15S08 0.8GS PN,0.3776,PTN,Pack
90436053,91792647,400,28277.63496,COND BC840M68,Non AD conditioner,BC840M68-25 4.3TFS KTN 0.8GS PNT,0.1556,PTN,Pack
20256754,20159980,530,21989.0055,SHM BC189H,Non AD shampoo,BC189H A17NKP301015G23 KTN 1.0BTO PNT,0.2001,PTN,Pack
20210223,90074190,500,22622.10797,SHM BC109 ,Clear shampoo,BC109 P30R20D00 1.0MM RJ,0.1945,EC,Pack
20179091,91265489,80,141479.0997,SHM BC188S,PO shampoo,BC188 S07X4000 0.8PO 1.1FGB,0.0311,HS,pack
80754092,20171871,750,2513.854768,COND BC27S109,PO conditioner,S109-20 0.25PO 0.63PDMS NaBz 0.8SA RJ,1.7503,EC,On going
80717308,90299026,450,2157.814722,SHM BC177N,PO shampoo,BC177N G1XJ152000 o0.5 1.0CMM HS,2.0391,HS,On going
20251914,20171348,530,21989.0055,SHM BC189T,Non AD shampoo,BC189T A20NP1510G05 KTN 0.25M 1.1MT PNT,0.2001,PTN,Pack
80785276,21021319,530,1832.035641,SHM BC189H,Non AD shampoo,BC189H A17NP2020G10 KTN 1.1ROW PNT,2.4017,PTN,On going
80785275,21021319,300,3236.722083,SHM BC189H,Non AD shampoo,BC189H A17NP2020G10 KTN 1.1ROW PNT,1.3594,PTN,On going
21038696,20171348,530,21934.19741,SHM BC189T,Non AD shampoo,BC189T A20NP1510G05 KTN 0.25M 1.1MT PNT,0.2006,PTN,Pack
20183978,91265489,80,141479.0997,SHM BC188S,PO shampoo,BC188 S07X4000 0.8PO 1.1FGB,0.0311,HS,pack
21038674,20159980,530,21934.19741,SHM BC189H,Non AD shampoo,BC189H A17NKP301015G23 KTN 1.0BTO PNT,0.2006,PTN,Pack
80784164,91297192,300x4,1618.361042,SHM BC188S,PO shampoo,BC188 S07X4000 0.8PO 1.1MSR,2.7188,HS,On going
21051565,91830918,520,22403.25866,SHM BC198O,Non AD shampoo,BC198 O1RP151020L 0.7MB RJ,0.1964,EC,Pack
21041582,90441514,520,22403.25866,SHM BC156OF,AD shampoo,BC156o F1RT300117 0.4PO 0.65SE RJ,0.1964,EC,Pack
80768734,21008515,500,1885.418006,SHM BC177G,PO shampoo,BC177 G1XJ152000 0.9LZ VS,2.3337,VS,On going
80791214,91830918,400,2427.452278,SHM BC198O,Non AD shampoo,BC198 O1RP151020L 0.7MB RJ,1.8126,EC,HKTW
80768408,20111636,400,2427.452278,SHM BC189T,Non AD shampoo,BC189T R17NP3515 G15S08 0.8GS PN,1.8126,PTN,On going
80768402,20111636,930,2088.178065,SHM BC189T,Non AD shampoo,BC189T R17NP3515 G15S08 0.8GS PN,2.1071,PTN,GBU
90269859,91873865,530,21348.85978,SHM BC198O,Non AD shampoo,BC198 O1RP151020L 1.3MDM RJ,0.2061,EC,pack
80768409,20111636,500,1834.403402,SHM BC189T,Non AD shampoo,BC189T R17NP3515 G15S08 0.8GS PN,2.3986,PTN,On going
80791112,20154050,670,1449.227628,SHM BC188S,PO shampoo,BC188 S07X4000 0.5PO 1.1DC HS,3.0361,HS,On going
80791111,20154050,360,2697.235334,SHM BC188S,PO shampoo,BC188 S07X4000 0.5PO 1.1DC HS,1.6313,HS,On going
20164200,90435008,180,62857.14286,COND BC840M68,Non AD conditioner,BC840M68-25 KTN 4.1TFS 0.75RL PTN,0.07,PTN,Pack
80721965,90169500,1000,1942.004678,SHM BC156OF,AD shampoo,BC156o F1RT300108 0.5PO 1.1TS HS,2.2657,HS,On going
21069018,20154050,360,32352.94118,SHM BC188S,PO shampoo,BC188 S07X4000 0.5PO 1.1DC HS,0.136,HS,Pack
80763259,20171348,50,4854.904557,SHM BC189T,Non AD shampoo,BC189T A20NP1510G05 KTN 0.25M 1.1MT PNT,0.9063,PTN,FGOI
80803394,90288239,670,1449.227628,SHM BC156OF,AD shampoo,BC156o F1RT300108 0.5PO 1.1TS HS,3.0361,HS,On going
80803402,90169500,670,1449.227628,SHM BC156OF,AD shampoo,BC156o F1RT300108 0.5PO 1.1TS HS,3.0361,HS,On going
80803400,90167254,670,1449.227628,SHM BC156OF,AD shampoo,BC156o F1RT300108 0.5PO 1.1TS HS,3.0361,HS,On going
80803398,90148173,670,1449.227628,SHM BC156OF,AD shampoo,BC156o F1RT300108 0.5PO 1.1TS HS,3.0361,HS,On going
80803395,90261738,670,1449.227628,SHM BC156OF,AD shampoo,BC156o F1RT300108 0.5PO 1.1TS HS,3.0361,HS,On going
20136648,90599946,40,282051.2821,COND BC840M68,Non AD conditioner,BC840M68-25 KTN 2.1TAS 2FS 0.5Sil 0.9RL,0.0156,PTN,Pack
80795276,21059984,160,5891.805035,COND BC840M68,Non AD conditioner,BC840M68-25 KTN 2.1TAS 2FS 0.5Sil 0.9MA,0.7468,PTN,On going
80795278,21059984,70,6734.006734,COND BC840M68,Non AD conditioner,BC840M68-25 KTN 2.1TAS 2FS 0.5Sil 0.9MA,0.6534,PTN,On going
80795277,21059975,470,2005.743721,SHM BC189H,Non AD shampoo,BC189H A17NKP301015G10S05 1.2MA PNT,2.1937,PTN,On going
21106902,90485140,300,38834.95146,SHM BC189H,Non AD shampoo,BC189H A17NKP301015G10S05 0.8Redline PNT,0.1133,PTN,Pack
20183514,90599946,180,62857.14286,COND BC840M68,Non AD conditioner,BC840M68-25 KTN 2.1TAS 2FS 0.5Sil 0.9RL,0.07,PTN,Pack
80799279,90485140,470,2005.743721,SHM BC189H,Non AD shampoo,BC189H A17NKP301015G10S05 0.8Redline PNT,2.1937,PTN,On going
80803396,90148173,1200,1618.301519,SHM BC156OF,AD shampoo,BC156o F1RT300106 0.5PO 1.1TS HS,2.7189,HS,On going
80803401,90169500,1200,1618.301519,SHM BC156OF,AD shampoo,BC156o F1RT300108 0.5PO 1.1TS HS,2.7189,HS,On going
80803399,90261738,1200,1618.301519,SHM BC156OF,AD shampoo,BC156o F1RT300117 0.5PO 0.85Vi HS,2.7189,HS,On going
80791109,20154050,80,6068.965517,SHM BC188S,PO shampoo,BC188 S07X4000 0.5PO 1.1DC HS,0.725,HS,FGOI
80799280,90485140,300,3236.722083,SHM BC189H,Non AD shampoo,BC189H A17NKP301015G10S05 0.8Redline PNT,1.3594,PTN,On going
80790733,21052767,280,3366.745734,SHM BC177N,PO shampoo,BC177N G1XJ152000 0.5PO NaSal 0.8OB HR,1.3069,HR,On going
80790735,21032813,280,3366.745734,SHM BC177N,PO shampoo,BC177N G1XJ152000 0.5PO NaSal 0.7SC HR,1.3069,HR,On going
80790749,21038926,280,3366.745734,SHM BC177N,PO shampoo,BC177N G1XJ152000 0.3PO NaSal 0.7Amer HR,1.3069,HR,On going
80790748,21009419,280,3366.745734,COND BC840M61,Non AD conditioner,BC840 M61-23 3.0FTH NaBz 0.6Americana HR,1.3069,HR,On going
80790747,21009419,530,2371.58411,COND BC840M61,Non AD conditioner,BC840 M61-23 3.0FTH NaBz 0.6Americana HR,1.8553,HR,On going
21118649,21059984,160,62857.14286,COND BC840M68,Non AD conditioner,BC840M68-25 KTN 2.1TAS 2FS 0.5Sil 0.9MA,0.07,PTN,Pack
21111810,21059984,70,161172.1612,COND BC840M68,Non AD conditioner,BC840M68-25 KTN 2.1TAS 2FS 0.5Sil 0.9MA,0.0273,PTN,pack
80790729,21047815,530,2371.58411,COND BC840M61,Non AD conditioner,BC840M61-23 2.75FTH NaBz 0.6HA HR,1.8553,HR,On going
80790728,21047815,280,3366.745734,COND BC840M61,Non AD conditioner,BC840M61-23 2.75FTH NaBz 0.6HA HR,1.3069,HR,On going
80790743,21042832,530,2371.58411,COND BC840MD67,Non AD conditioner,BC840MD67-24 0.5TAS NaBz 0.7SC HR,1.8553,HR,On going
80790731,21042832,280,3366.745734,COND BC840MD67,Non AD conditioner,BC840MD67-24 0.5TAS NaBz 0.7SC HR,1.3069,HR,On going
80812853,20154050,650,1493.804108,SHM BC188S,PO shampoo,BC188 S07X4000 0.5PO 1.1DC HS,2.9455,HS,HKTW
80768735,21008515,310,3040.984173,SHM BC177G,PO shampoo,BC177 G1XJ152000 0.9LZ VS,1.4469,VS,On going
80810105,20159980,530,3664.223851,SHM BC189H,Non AD shampoo,BC189H A17NKP301015G23 KTN 1.0BTO PNT,1.2008,PTN,HKTW
80721977,90148173,1280,1517.136749,SHM BC156OG,AD shampoo,BC156o F1RT300106 0.5PO 1.1TS HS,2.9002,HS,On going
80814096,21008380,1000,1942.004678,SHM BC156OF,AD shampoo,BC156o F+1RT300106 0.5PO 1.7JPM HS,2.2657,HS,On going
80814094,21008380,930,2088.178065,SHM BC156OF,AD shampoo,BC156o F+1RT300106 0.5PO 1.7JPM HS,2.1071,HS,GBU
80814089,20178683,200,2427.586207,SHM BC188H,PO shampoo,BC188H S+2N40S20 0.5PO 1.3GP PNK,1.8125,HS,On going
80815648,20178683,430,2258.147293,SHM BC188H,PO shampoo,BC188H S+2N40S20 0.5PO 1.3GP PNK,1.9485,HS,On going
80814063,20178683,670,1449.227628,SHM BC188H,PO shampoo,BC188H S+2N40S20 0.5PO 1.3GP PNK,3.0361,HS,On going
80814734,21008380,750,1294.650739,SHM BC156OF,AD shampoo,BC156o F+1RT300106 0.5PO 1.7JPM HS,3.3986,HS,On going
80814079,20178683,1280,1517.189062,SHM BC188H,PO shampoo,BC188H S+2N40S20 0.5PO 1.3GP PNK,2.9001,HS,On going
80814737,90288239,750,1294.650739,SHM BC156OF,AD shampoo,BC156o F1RT300110 0.5PO 0.7FGB HS,3.3986,HS,On going
80814739,20178683,750,1294.650739,SHM BC188H,PO shampoo,BC188H S+2N40S20 0.5PO 1.3GP PNK,3.3986,HS,On going
80814081,90169500,200,2427.586207,SHM BC156OF,AD shampoo,BC156o F1RT300108 0.5PO 1.1TS HS,1.8125,HS,On going
80814085,90288138,200,2427.586207,SHM BC156OF,AD shampoo,BC156o F1RT300121 0.5PO 0.75VA HS,1.8125,HS,On going
80814077,90288239,200,2427.586207,SHM BC156OF,AD shampoo,BC156o F1RT300110 0.5PO 0.7FGB HS,1.8125,HS,On going
80814098,90167254,200,2427.586207,SHM BC156OF,AD shampoo,BC156o F1RT300106 0.5PO 1.1PR HS,1.8125,HS,On going
80814097,21008380,200,2427.586207,SHM BC156OF,AD shampoo,BC156o F+1RT300106 0.5PO 1.7JPM HS,1.8125,HS,On going
80810107,20171348,530,3664.223851,SHM BC189T,Non AD shampoo,BC189T A20NP1510G05 KTN 0.25M 1.1MT PNT,1.2008,PTN,HKTW
80814353,20178683,500,1942.004678,SHM BC188H,PO shampoo,BC188H S+2N40S20 0.5PO 1.3GP PNK,2.2657,HS,Pack
80815645,90169500,430,2258.147293,SHM BC156OF,AD shampoo,BC156o F1RT300108 0.5PO 1.1TS HS,1.9485,HS,On going
80813619,21127223,200,2427.452278,SHM BC189Hd,Non AD shampoo,BC189Hd Q20R40G10S08 0.8GS PNT,1.8126,PTN,On going
80815642,21008380,430,2258.147293,SHM BC156OF,AD shampoo,BC156o F+1RT300106 0.5PO 1.7JPM HS,1.9485,HS,On going
80815643,90167254,430,2258.147293,SHM BC156OF,AD shampoo,BC156o F1RT300106 0.5PO 1.1PR HS,1.9485,HS,On going
80815644,90291266,430,2258.147293,SHM BC177N,PO shampoo,BC177N G1XJ152000 o0.5 0.9PR HS,1.9485,HS,On going
80815647,90288239,430,2258.147293,SHM BC156OF,AD shampoo,BC156o F1RT300110 0.5PO 0.7FGB HS,1.9485,HS,On going
80815649,90298879,430,2258.147293,SHM BC156OF,AD shampoo,BC156o F1RT300104 0.5PO 1.1CMM HS,1.9485,HS,On going
80815646,90288138,430,2258.147293,SHM BC156OF,AD shampoo,BC156o F1RT300121 0.5PO 0.75VA HS,1.9485,HS,On going
80814086,90291266,200,2427.452278,SHM BC177N,PO shampoo,BC177N G1XJ152000 o0.5 0.9PR HS,1.8126,HS,On going
80814733,90169500,750,1294.650739,SHM BC156OF,AD shampoo,BC156o F1RT300108 0.5PO 1.1TS HS,3.3986,HS,On going
80814735,90167254,750,1294.650739,SHM BC156OF,AD shampoo,BC156o F1RT300106 0.5PO 1.1PR HS,3.3986,HS,On going
80814095,20178683,1000,1942.004678,SHM BC188H,PO shampoo,BC188H S+2N40S20 0.5PO 1.3GP PNK,2.2657,HS,On going
80813632,21141975,200,4713.444028,COND BC840M68,Non AD conditioner,BC840 M68-25 4.1TFS NaBz 0.8GS PNT,0.9335,PTN,On going
80812167,21078663,750,1294.650739,SHM BC109 ,Clear shampoo,BC109s P1905X095 NaSal 0.475FR PNT,3.3986,PTN,On going
21157634,20178683,650,17922.60692,SHM BC188H,PO shampoo,BC188H S+2N40S20 0.5PO 1.3GP PNK,0.2455,HS,Pack
21172442,21008380,650,17922.60692,SHM BC156OF,AD shampoo,BC156o F+1RT300106 0.5PO 1.7JPM HS,0.2455,HS,Pack
21162690,90288239,650,17922.60692,SHM BC156OF,AD shampoo,BC156o F1RT300110 0.5PO 0.7FGB HS,0.2455,HS,Pack
21181021,20178683,430,27110.28959,SHM BC188H,PO shampoo,BC188H S+2N40S20 0.5PO 1.3GP PNK,0.1623,HS,Pack
80813642,21127236,400,3534.988351,COND BC840SC120,Non AD conditioner,BC840 Sc120-25 2.5TAS NaBz 0.8GS PNT,1.2447,PTN,On going
21181022,21008380,430,27110.28959,SHM BC156OF,AD shampoo,BC156o F+1RT300106 0.5PO 1.7JPM HS,0.1623,HS,Pack
80814090,90288239,1000,1942.004678,SHM BC156OF,AD shampoo,BC156o F1RT300110 0.5PO 0.7FGB HS,2.2657,HS,On going
80813630,21141983,400,3534.988351,COND BC840M68,Non AD conditioner,BC840 M68-25 4.0TFS NaBz 0.8GS PNT,1.2447,PTN,On going
80813644,21137064,750,1294.650739,SHM BC189Hd,Non AD shampoo,BC189Hd Q20R40G10S07 0.7GS PNT,3.3986,PTN,On going
21167440,21008380,500,23305.08475,SHM BC156OF,AD shampoo,BC156o F+1RT300106 0.5PO 1.7JPM HS,0.1888,HS,Pack
80812157,21118334,530,1832.035641,SHM BC109 ,Clear shampoo,BC109s P1905X095 NaSal 0.8SC PNT,2.4017,PTN,On going
80813640,21141983,750,2513.854768,COND BC840M68,Non AD conditioner,BC840 M68-25 4.0TFS NaBz 0.8GS PNT,1.7503,PTN,On going
80813639,21141983,500,1885.418006,COND BC840M68,Non AD conditioner,BC840 M68-25 4.0TFS NaBz 0.8GS PNT,2.3337,PTN,On going
21172345,20178683,500,23305.08475,SHM BC188H,PO shampoo,BC188H S+2N40S20 0.5PO 1.3GP PNK,0.1888,HS,Pack
21178234,21008380,80,141479.0997,SHM BC156OF,AD shampoo,BC156o F+1RT300106 0.5PO 1.7JPM HS,0.0311,HS,Pack
80814072,21008380,80,6068.965517,SHM BC156OF,AD shampoo,BC156o F+1RT300106 0.5PO 1.7JPM HS,0.725,HS,FGOI
21158283,20178683,680,17133.95639,SHM BC188H,PO shampoo,BC188H S+2N40S20 0.5PO 1.3GP PNK,0.2568,HS,Pack
21173113,21008380,680,17133.95639,SHM BC156OF,AD shampoo,BC156o F+1RT300106 0.5PO 1.7JPM HS,0.2568,HS,Pack
80808851,21042832,530,2371.58411,COND BC840MD67,Non AD conditioner,BC840MD67-24 0.5TAS NaBz 0.7SC HR,1.8553,HR,HKTW
80808848,21009419,530,2371.58411,COND BC840M61,Non AD conditioner,BC840 M61-23 3.0FTH NaBz 0.6Americana HR,1.8553,HR,HKTW
21166908,90167254,700,16647.74877,SHM BC156OF,AD shampoo,BC156o F1RT300106 0.5PO 1.1PR HS,0.2643,HS,Pack
21178540,21008380,700,16647.74877,SHM BC156OF,AD shampoo,BC156o F+1RT300106 0.5PO 1.7JPM HS,0.2643,HS,Pack
80813635,21127223,750,1294.650739,SHM BC189Hd,Non AD shampoo,BC189Hd Q20R40G10S08 0.8GS PNT,3.3986,PTN,On going
80813620,21127223,1000,1942.004678,SHM BC189Hd,Non AD shampoo,BC189Hd Q20R40G10S08 0.8GS PNT,2.2657,PTN,On going
80813636,21141975,400,3534.988351,COND BC840M68,Non AD conditioner,BC840 M68-25 4.1TFS NaBz 0.8GS PNT,1.2447,PTN,On going
80814088,90298879,200,2427.586207,SHM BC156OF,AD shampoo,BC156o F1RT300104 0.5PO 1.1CMM HS,1.8125,HS,On going
80814064,90167254,670,1449.227628,SHM BC156OF,AD shampoo,BC156o F1RT300106 0.5PO 1.1PR HS,3.0361,HS,On going
80808852,21052767,530,2371.58411,SHM BC177N,PO shampoo,BC177N G1XJ152000 0.5PO NaSal 0.8OB HR,1.8553,HR,HKTW
80808849,21038926,530,2371.58411,SHM BC177N,PO shampoo,BC177N G1XJ152000 0.5PO NaSal 0.8OB HR,1.8553,HR,HKTW
80808855,21032813,530,2371.58411,SHM BC177N,PO shampoo,BC177N G1XJ152000 0.5PO NaSal 0.7SC HR,1.8553,HR,HKTW
80808853,21032816,530,2371.58411,SHM BC177N,PO shampoo,BC177N G1XJ152000 0.3PO NaSal 0.6HA HR,1.8553,HR,HKTW
80808856,21047815,530,2371.58411,COND BC840M61,Non AD conditioner,BC840M61-23 2.75FTH NaBz 0.6HA HR,1.8553,HR,HKTW
21172346,90167254,500,23305.08475,SHM BC156OF,AD shampoo,BC156o F1RT300106 0.5PO 1.1PR HS,0.1888,HS,Pack
21179723,90169500,680,17133.95639,SHM BC156OF,AD shampoo,BC156o F1RT300108 0.5PO 1.1TS HS,0.2568,HS,Pack
21156898,20178683,80,141479.0997,SHM BC188H,PO shampoo,BC188H S+2N40S20 0.5PO 1.3GP PNK,0.0311,HS,Pack
80814073,20178683,80,6068.965517,SHM BC188H,PO shampoo,BC188H S+2N40S20 0.5PO 1.3GP PNK,0.725,HS,FGOI
80814738,90298879,750,1294.650739,SHM BC156OF,AD shampoo,BC156o F1RT300104 0.5PO 1.1CMM HS,3.3986,HS,On going
80814069,90169500,670,1449.227628,SHM BC156OF,AD shampoo,BC156o F1RT300108 0.5PO 1.1TS HS,3.0361,HS,On going
80814092,90169500,930,2088.178065,SHM BC156OF,AD shampoo,BC156o F1RT300108 0.5PO 1.1TS HS,2.1071,HS,GBU
80814091,90167254,1000,1942.004678,SHM BC156OF,AD shampoo,BC156o F1RT300106 0.5PO 1.1PR HS,2.2657,HS,On going
80814071,21008380,1200,1618.301519,SHM BC156OF,AD shampoo,BC156o F+1RT300106 0.5PO 1.7JPM HS,2.7189,HS,On going
80814074,20178683,1200,1618.301519,SHM BC188H,PO shampoo,BC188H S+2N40S20 0.5PO 1.3GP PNK,2.7189,HS,On going
80814061,90169500,1200,1618.301519,SHM BC156OF,AD shampoo,BC156o F1RT300108 0.5PO 1.1TS HS,2.7189,HS,On going
80814070,21008380,670,1449.227628,SHM BC156OF,AD shampoo,BC156o F+1RT300106 0.5PO 1.7JPM HS,3.0361,HS,On going
80814065,90288239,670,1449.227628,SHM BC156OF,AD shampoo,BC156o F1RT300110 0.5PO 0.7FGB HS,3.0361,HS,On going
21162141,20178683,700,16647.74877,SHM BC188H,PO shampoo,BC188H S+2N40S20 0.5PO 1.3GP PNK,0.2643,HS,Pack
80814736,90288138,750,1294.650739,SHM BC156OF,AD shampoo,BC156o F1RT300121 0.5PO 0.75VA HS,3.3986,HS,On going
80814732,90291266,750,1294.650739,SHM BC177N,PO shampoo,BC177N G1XJ152000 o0.5 0.9PR HS,3.3986,HS,On going
80813627,21141975,500,1885.418006,COND BC840M68,Non AD conditioner,BC840 M68-25 4.1TFS NaBz 0.8GS PNT,2.3337,PTN,On going
80813626,90464173,750,1294.650739,SHM BC162H VRC,Climbazole shampoo,BC162Hs VRc48048 0.45C 0.57FR PN,3.3986,PTN,On going
21162140,90169500,700,16647.74877,SHM BC156OF,AD shampoo,BC156o F1RT300108 0.5PO 1.1TS HS,0.2643,HS,Pack
21157649,90167254,680,17133.95639,SHM BC156OF,AD shampoo,BC156o F1RT300106 0.5PO 1.1PR HS,0.2568,HS,Pack
21213505,20111636,650,17405.06329,SHM BC189T,Non AD shampoo,BC189T R17NP3515 G15S08 0.8GS PN,0.2528,PTN,Pack
80813618,90454578,750,1294.650739,SHM BC162H VRC,Climbazole shampoo,BC162Hs VRc48067 0.45C 0.57FR PN,3.3986,PTN,On going
80820461,21161321,400,4713.444028,COND BC840S75,Non AD conditioner,BC840S75-24 1TAS KTN 0.7Mont Blanc RJ,0.9335,EC,On going
80820467,21166117,400,4713.444028,COND BC840S75,Non AD conditioner,BC840S75-24 1TAS KTN 0.7Mont Blanc RJ,0.9335,EC,On going
80812166,90469318,750,1294.650739,SHM BC109 ,Clear shampoo,BC109s P29R19D019 0.475FR PNT,3.3986,PTN,On going
80813608,20111636,750,1294.650739,SHM BC189T,Non AD shampoo,BC189T R17NP3515 G15S08 0.8GS PN,3.3986,PTN,On going
80813615,20111636,400,2427.452278,SHM BC189T,Non AD shampoo,BC189T R17NP3515 G15S08 0.8GS PN,1.8126,PTN,On going
80820464,21161158,400,2427.452278,SHM BC156CF,Climbazole shampoo,BC156c F1RT300120 0.45C 0.7Mont Blanc RJ,1.8126,EC,On going
80820459,21170860,400,2427.452278,SHM BC198O,Non AD shampoo,BC198 O1RP151020L 0.7Mont Blanc RJ,1.8126,EC,On going
21179697,90169500,650,17922.60692,SHM BC156OF,AD shampoo,BC156o F1RT300108 0.5PO 1.1TS HS,0.2455,HS,Pack
80820481,21166098,400,2427.452278,SHM BC177N,PO shampoo,BC177N G1XJ151000 o0.3 0.6SunnyCitrus RJ,1.8126,EC,On going
80820496,21156208,400,2427.452278,SHM BC177N,PO shampoo,BC177N G1XJ151000 o0.3 0.65FL RJ,1.8126,EC,On going
80820469,21196959,400,2427.452278,SHM GH140OT,PO shampoo,GH140o T+0.5H D2N20S08 0.3PO KTN 0.7JA,1.8126,EC,On going
21207766,21141975,650,17405.06329,COND BC840M68,Non AD conditioner,BC840 M68-25 4.1TFS NaBz 0.8GS PNT,0.2528,PTN,Pack
80813623,21141975,750,2513.854768,COND BC840M68,Non AD conditioner,BC840 M68-25 4.1TFS NaBz 0.8GS PNT,1.7503,PTN,On going
80813638,21137064,200,2427.452278,SHM BC189Hd,Non AD shampoo,BC189Hd Q20R40G10S07 0.7GS PNT,1.8126,PTN,On going
21200191,20111636,200,56555.26992,SHM BC189T,Non AD shampoo,BC189T R17NP3515 G15S08 0.8GS PN,0.0778,PTN,Pack
21205101,21127223,200,56555.26992,SHM BC189Hd,Non AD shampoo,BC189Hd Q20R40G10S07 0.7GS PNT,0.0778,PTN,Pack
80812161,21078663,200,2427.452278,SHM BC109 ,Clear shampoo,BC109s P1905X095 NaSal 0.475FR PNT,1.8126,PTN,On going
80813625,90464173,200,2427.452278,SHM BC162H VRC,Climbazole shampoo,BC162Hs VRc48048 0.45C 0.57FR PN,1.8126,PTN,On going
80813621,90454578,200,2427.452278,SHM BC162H VRC,Climbazole shampoo,BC162Hs VRc48067 0.45C 0.57FR PN,1.8126,PTN,On going
80813610,20111636,200,2427.452278,SHM BC189T,Non AD shampoo,BC189T R17NP3515 G15S08 0.8GS PN,1.8126,PTN,On going
80828463,20154050,350,2774.274905,SHM BC188S,PO shampoo,BC188 S07X4000 0.5PO 1.1DC HS,1.586,HS,HKTW
80828462,90393423,350,2774.274905,SHM BC177N,PO shampoo,BC177N G1XJ151000 o0.5 1.1PR HS,1.586,HS,HKTW
80812163,21118334,300,3236.722083,SHM BC109 ,Clear shampoo,BC109s P1905X095 NaSal 0.8SC PNT,1.3594,PTN,On going
80812158,90469318,200,2427.452278,SHM BC109 ,Clear shampoo,BC109s P29R19D019 0.475FR PNT,1.8126,PTN,On going
80813614,20111636,1000,1942.004678,SHM BC189T,Non AD shampoo,BC189T R17NP3515 G15S08 0.8GS PN,2.2657,PTN,On going
80813641,21141983,200,4713.444028,COND BC840M68,Non AD conditioner,BC840 M68-25 4.0TFS NaBz 0.8GS PNT,0.9335,PTN,On going
80813633,21132171,400,3534.988351,COND BC840MD67GLY,Non AD conditioner,BC840 MD67-24 3Gly 2TAS NaBz 0.7FR PNT,1.2447,PTN,On going
80812159,21118318,400,3534.988351,COND BC840MD67GLY,Non AD conditioner,BC840MD67-24 3.0Gly 1.5TAS NaBz 0.7FR,1.2447,PTN,On going
21210197,21141975,200,56555.26992,COND BC840M68,Non AD conditioner,BC840 M68-25 4.1TFS NaBz 0.8GS PNT,0.0778,PTN,Pack
21171678,21008380,200,58278.1457,SHM BC156OF,AD shampoo,BC156o F+1RT300106 0.5PO 1.7JPM HS,0.0755,HS,Pack
21178241,20178683,200,58278.1457,SHM BC188H,PO shampoo,BC188H S+2N40S20 0.5PO 1.3GP PNK,0.0755,HS,Pack
21190635,21141975,400,28277.63496,COND BC840M68,Non AD conditioner,BC840 M68-25 4.1TFS NaBz 0.8GS PNT,0.1556,PTN,Pack
80813617,90464173,400,2427.452278,SHM BC162H VRC,Climbazole shampoo,BC162Hs VRc48048 0.45C 0.57FR PN,1.8126,PTN,On going
80813629,90454578,400,2427.452278,SHM BC162H VRC,Climbazole shampoo,BC162Hs VRc48067 0.45C 0.57FR PN,1.8126,PTN,On going
80813637,21127223,400,2427.452278,SHM BC189Hd,Non AD shampoo,BC189Hd Q20R40G10S08 0.8GS PNT,1.8126,PTN,On going
80813634,21137064,400,2427.452278,SHM BC189Hd,Non AD shampoo,BC189Hd Q20R40G10S07 0.7GS PNT,1.8126,PTN,On going
80812162,90469318,400,2427.452278,SHM BC109 ,Clear shampoo,BC109s P29R19D019 0.475FR PNT,1.8126,PTN,On going
80812165,21078663,400,2427.452278,SHM BC109 ,Clear shampoo,BC109s P1905X095 NaSal 0.475FR PNT,1.8126,PTN,On going
21205339,21141975,500,22622.10797,COND BC840M68,Non AD conditioner,BC840 M68-25 4.1TFS NaBz 0.8GS PNT,0.1945,PTN,Pack
21210492,20111636,750,15083.9904,SHM BC189T,Non AD shampoo,BC189T R17NP3515 G15S08 0.8GS PN,0.2917,PTN,Pack
21205326,21141983,200,56555.26992,COND BC840M68,Non AD conditioner,BC840 M68-25 4.0TFS NaBz 0.8GS PNT,0.0778,PTN,Pack
80821398,20136918,290,3348.299216,SHM BC188S,PO shampoo,BC188 S07N40S10 0.5PO 1.0QS 0.357M,1.3141,PTN,HKTW
80813628,21132171,750,2513.854768,COND BC840MD67GLY,Non AD conditioner,BC840 MD67-24 3Gly 2TAS NaBz 0.7FR PNT,1.7503,PTN,On going
21207767,20154050,670,17391.30435,SHM BC188S,PO shampoo,BC188 S07X4000 0.5PO 1.1DC HS,0.253,HS,PACK
21081079,20154050,80,145695.3642,SHM BC188S,PO shampoo,BC188 S07X4000 0.5PO 1.1DC HS,0.0302,HS,PACK
80790744,21038926,530,2371.58411,SHM BC177N,PO shampoo,BC177N G1XJ152000 0.3PO NaSal 0.7Amer HR,1.8553,HR,On going
21184778,20111636,500,23305.08475,SHM BC189T,Non AD shampoo,BC189T R17NP3515 G15S08 0.8GS PN,0.1888,PTN,PACK
21184777,20111636,400,28277.63496,SHM BC189T,Non AD shampoo,BC189T R17NP3515 G15S08 0.8GS PN,0.1556,PTN,PACK
21184776,21127223,400,28277.63496,SHM BC189Hd,Non AD shampoo,BC189Hd Q20R40G10S08 0.8GS PNT,0.1556,PTN,PACK
80820456,21196959,600,1618.301519,SHM GH140OT,PO shampoo,GH140o T+0.5H D2N20S08 0.3PO KTN 0.7JA,2.7189,EC,pack
80820462,21196959,200,2427.452278,SHM GH140OT,PO shampoo,GH140o T+0.5H D2N20S08 0.3PO KTN 0.7JA,1.8126,EC,On going
80814082,20178683,700,1387.137453,SHM BC188H,PO shampoo,BC188H S+2N40S20 0.5PO 1.3GP PNK,3.172,HS,GBU
80814080,21008380,700,1387.137453,SHM BC188H,PO shampoo,BC156o F+1RT300106 0.5PO 1.7JPM HS,3.172,HS,GBU
21200390,21032813,530,21348.85978,SHM BC177N,PO shampoo,BC177N G1XJ152000 0.5PO NaSal 0.7SC HR,0.2061,HR,pack
21181626,21042832,530,21348.85978,COND BC840MD67,Non AD conditioner,BC840MD67-24 0.5TAS NaBz 0.7SC HR,0.2061,HR,pack
80820458,21196959,750,1294.650739,SHM GH140OT,PO shampoo,GH140o T+0.5H D2N20S08 0.3PO KTN 0.7JA,3.3986,EC,On going
80820477,21196959,1000,1942.004678,SHM GH140OT,PO shampoo,GH140o T+0.5H D2N20S08 0.3PO KTN 0.7JA,2.2657,EC,On going
80820484,21196959,700,1387.137453,SHM GH140OT,PO shampoo,GH140o T+0.5H D2N20S08 0.3PO KTN 0.7JA,3.172,EC,On going
80820491,21156208,600,1618.301519,SHM BC177N,PO shampoo,GH140o T+0.5H D2N20S08 0.3PO KTN 0.7JA,2.7189,EC,pack
80820490,21166098,750,1294.650739,SHM BC177N,PO shampoo,BC177N G1XJ151000 o0.3 0.6SunnyCitrus RJ,3.3986,EC,On going
21205317,90464173,200,56555.26992,SHM BC162H VRC,Climbazole shampoo,BC162Hs VRc48048 0.45C 0.57FR PN,0.0778,PTN,pack
21190490,90454578,200,56555.26992,SHM BC162H VRC,Climbazole shampoo,BC162Hs VRc48067 0.45C 0.57FR PN,0.0778,PTN,pack
21200192,21127223,500,23305.08475,SHM BC189Hd,Non AD shampoo,BC189Hd Q20R40G10S08 0.8GS PNT,0.1888,PTN,pack
21249014,21059975,470,24070.02188,SHM BC189H,Non AD shampoo,BC189H A17NKP301015G10S05 1.2MA PNT,0.1828,PTN,pack
80790754,21032813,530,2371.58411,SHM BC177N,PO shampoo,BC177N G1XJ152000 0.5PO NaSal 0.7SC HR,1.8553,HR,On going
21210141,21052767,530,21348.85978,SHM BC177N,PO shampoo,BC177N G1XJ152000 0.5PO NaSal 0.8OB HR,0.2061,HR,pack
80754096,90441514,750,1294.650739,SHM BC156OF,AD shampoo,BC156o F1RT300117 0.4PO 0.65SE RJ,3.3986,EC,On going
21254737,90433045,1000,11652.54237,SHM BC162H QRC,Climbazole shampoo,BC162Hs QRc2400 0.45C 0.285SR AL RJ,0.3776,FC,Pack
21244944,90438064,1000,11652.54237,SHM BC162H QR,Non AD shampoo,BC162Hs QR14048 0.285SB RJ,0.3776,FC,Pack
21164663,90485140,510,22845.27518,SHM BC189H,Non AD shampoo,BC189H A17NKP301015G10S05 0.8Redline PNT,0.1926,PTN,pack
80836451,21156208,1000,1942.004678,SHM BC177N,PO shampoo,BC177N G1XJ151000 o0.3 0.65FL RJ,2.2657,EC,On going
21019541,20171348,300,38834.95146,SHM BC189T,Non AD shampoo,BC189T A20NP1510G05 KTN 0.25M 1.1MT PNT,0.1133,PTN,pack
21039147,20159980,300,38834.95146,SHM BC189H,Non AD shampoo,BC189H A17NKP301015G23 KTN 1.0BTO PNT,0.1133,PTN,pack
80814099,20178683,930,2088.178065,SHM BC188H,PO shampoo,BC188H S+2N40S20 0.5PO 1.3GP PNK,2.1071,HS,GBU
21238277,21196959,400,28277.63496,SHM GH140OT,PO shampoo,GH140o T+0.5H D2N20S08 0.3PO KTN 0.7JA,0.1556,EC,Pack
21251101,21170860,400,28277.63496,SHM BC198O,Non AD shampoo,BC198 O1RP151020L 0.7Mont Blanc RJ,0.1556,EC,pack
21238276,21170860,200,56555.26992,SHM BC198O,Non AD shampoo,BC198 O1RP151020L 0.7Mont Blanc RJ,0.0778,EC,pack
21228323,21196959,200,56555.26992,SHM GH140OT,PO shampoo,GH140o T+0.5H D2N20S08 0.3PO KTN 0.7JA,0.0778,EC,pack
80810106,21021319,530,3664.223851,SHM BC189H,Non AD shampoo,BC189H A17NP2020G10 KTN 1.1ROW PNT,1.2008,PTN,On going
80820455,21170860,750,1294.650739,SHM BC198O,Non AD shampoo,BC198 O1RP151020L 0.7Mont Blanc RJ,3.3986,EC,On going
80820478,21156208,750,1294.650739,SHM BC177N,PO shampoo,BC177N G1XJ151000 o0.3 0.65FL RJ,3.3986,EC,On going
80790737,21032816,530,2371.58411,SHM BC177N,PO shampoo,BC177N G1XJ152000 0.3PO NaSal 0.6HA HR,1.8553,HR,On going
21251102,21196959,500,22622.10797,SHM GH140OT,PO shampoo,GH140o T+0.5H D2N20S08 0.3PO KTN 0.7JA,0.1945,EC,pack
21251416,21161321,400,28277.63496,COND BC840S75,Non AD conditioner,BC840S75-24 1TAS KTN 0.7Mont Blanc RJ,0.1556,EC,pack
80839373,21052767,280,3366.745734,SHM BC177N,PO shampoo,BC177N G1XJ152000 0.5PO NaSal 0.8OB HR,1.3069,HR,HKTW
80820463,21161158,750,1294.650739,SHM BC156CF,Climbazole shampoo,BC156c F1RT300120 0.45C 0.7Mont Blanc RJ,3.3986,EC,On going
80820468,21166117,200,4713.444028,COND BC840S75,Non AD conditioner,BC840S75-24 1TAS KTN 0.7Mont Blanc RJ,0.9335,EC,On going
21167441,21008380,450,25142.85714,SHM BC156OF,AD shampoo,BC156o F+1RT300106 0.5PO 1.7JPM HS,0.175,HS,Pack
80820474,21161321,750,2513.854768,COND BC840S75,Non AD conditioner,BC840S75-24 1TAS KTN 0.7Mont Blanc RJ,1.7503,EC,On going
21210146,21038926,530,21348.85978,SHM BC177N,PO shampoo,BC177N G1XJ152000 0.3PO NaSal 0.7Amer HR,0.2061,HR,Pack
80790745,21052767,530,2371.58411,SHM BC177N,PO shampoo,BC177N G1XJ152000 0.5PO NaSal 0.8OB HR,1.8553,HR,On going
21243492,21161321,200,56555.26992,COND BC840S75,Non AD conditioner,BC840S75-24 1TAS KTN 0.7Mont Blanc RJ,0.0778,EC,Pack
80790730,21032816,280,3366.745734,SHM BC177N,PO shampoo,BC177N G1XJ152000 0.3PO NaSal 0.6HA HR,1.3069,HR,On going
80820466,21170860,1000,1942.004678,SHM BC198O,Non AD shampoo,BC198 O1RP151020L 0.7Mont Blanc RJ,2.2657,EC,On going
21205460,21141983,500,22622.10797,COND BC840M68,Non AD conditioner,BC840 M68-25 4.0TFS NaBz 0.8GS PNT,0.1945,PTN,Pack
21255518,21156208,600,18851.75664,SHM BC177N,PO shampoo,BC177N G1XJ151000 o0.3 0.65FL RJ,0.2334,EC,pack
80821955,90206651,400,2427.452278,SHM BC162H VR,Non AD shampoo,BC162H VR5005 KTN 0.6SW VS,1.8126,VS,FGOI
21179547,20178683,450,25142.85714,SHM BC188H,PO shampoo,BC188H S+2N40S20 0.5PO 1.3GP PNK,0.175,HS,Pack
80820470,21161158,200,2427.452278,SHM BC156CF,Climbazole shampoo,BC156c F1RT300120 0.45C 0.7Mont Blanc RJ,1.8126,EC,On going
21228480,21196959,600,18851.75664,SHM GH140OT,PO shampoo,GH140o T+0.5H D2N20S08 0.3PO KTN 0.7JA,0.2334,EC,Pack
21251394,21170860,600,18851.75664,SHM BC198O,Non AD shampoo,BC198 O1RP151020L 0.7Mont Blanc RJ,0.2334,EC,Pack
21238421,21196959,520,22403.25866,SHM BC198O,Non AD shampoo,GH140o T+0.5H D2N20S08 0.3PO KTN 0.7JA,0.1964,EC,Pack
21223504,21170860,520,22403.25866,SHM BC198O,Non AD shampoo,BC198 O1RP151020L 0.7Mont Blanc RJ,0.1964,EC,Pack
21285491,90485140,470,24070.02188,SHM BC189H,Non AD shampoo,BC189H A17NKP301015G10S05 0.8Redline PNT,0.1828,PTN,Pack
80833673,21161321,750,2513.854768,COND BC840S75,Non AD conditioner,BC840S75-24 1TAS KTN 0.7Mont Blanc RJ,1.7503,EC,HKTW
80832024,21196959,780,2489.673513,SHM GH140OT,PO shampoo,GH140o T+0.5H D2N20S08 0.3PO KTN 0.7JA,1.7673,EC,HKTW
80832032,21196959,750,2589.301477,SHM GH140OT,PO shampoo,GH140o T+0.5H D2N20S08 0.3PO KTN 0.7JA,1.6993,EC,HKTW
80832030,21166098,750,2589.301477,SHM BC177N,PO shampoo,BC177N G1XJ151000 o0.3 0.6SunnyCitrus RJ,1.6993,EC,HKTW
80832031,21170860,750,2589.301477,SHM BC198O,Non AD shampoo,BC198 O1RP151020L 0.7Mont Blanc RJ,1.6993,EC,HKTW
80832021,21156208,780,2489.673513,SHM BC177N,PO shampoo,BC177N G1XJ151000 o0.3 0.65FL RJ,1.7673,EC,HKTW
80831803,21156208,750,2589.301477,SHM BC177N,PO shampoo,BC177N G1XJ151000 o0.3 0.65FL RJ,1.6993,EC,HKTW
80832017,21166098,780,2489.673513,SHM BC177N,PO shampoo,BC177N G1XJ151000 o0.3 0.6SunnyCitrus RJ,1.7673,EC,HKTW
80832034,21170860,780,2489.673513,SHM BC198O,Non AD shampoo,BC198 O1RP151020L 0.7Mont Blanc RJ,1.7673,EC,HKTW
80832020,21166117,600,3142.408227,COND BC840S75,Non AD conditioner,BC840S75-24 1TAS KTN 0.7Mont Blanc RJ,1.4002,EC,HKTW
80832023,21161321,600,3142.408227,COND BC840S75,Non AD conditioner,BC840S75-24 1TAS KTN 0.7Mont Blanc RJ,1.4002,EC,HKTW
80814093,90169500,1000,1942.004678,SHM BC156OF,AD shampoo,BC156o F1RT300108 0.5PO 1.1TS HS,2.2657,HS,On going
80813607,21127223,930,2088.178065,SHM BC189Hd,Non AD shampoo,BC189Hd Q20R40G10S08 0.8GS PNT,2.1071,PTN,GBU
80813624,20111636,930,2088.178065,SHM BC189T,Non AD shampoo,BC189T R17NP3515 G15S08 0.8GS PN,2.1071,PTN,GBU
21280816,20154050,670,17391.30435,SHM BC188S,PO shampoo,BC188 S07X4000 0.5PO 1.1DC HS,0.253,HS,Pack
21258383,20154050,80,141479.0997,SHM BC188S,PO shampoo,BC188 S07X4000 0.5PO 1.1DC HS,0.0311,HS,Pack
80820479,21196959,500,1942.004678,SHM GH140OT,PO shampoo,GH140o T+0.5H D2N20S08 0.3PO KTN 0.7JA,2.2657,EC,On going
80820480,21196959,930,2088.178065,SHM GH140OT,PO shampoo,GH140o T+0.5H D2N20S08 0.3PO KTN 0.7JA,2.1071,EC,GBU
80842556,90393423,480,2022.895499,SHM BC177N,PO shampoo,BC177N G1XJ151000 o0.5 1.1PR HS,2.1751,HS,On going
80820460,21170860,200,2427.452278,SHM BC198O,Non AD shampoo,BC198 O1RP151020L 0.7Mont Blanc RJ,1.8126,EC,On going
80829598,90330061,200,2427.452278,SHM BC156CF,Climbazole shampoo,BC156c F1RT300104 0.45C 0.9SE-Menthol RJ,1.8126,EC,On going
80820457,21161321,200,4713.444028,COND BC840S75,Non AD conditioner,BC840S75-24 1TAS KTN 0.7Mont Blanc RJ,0.9335,EC,On going
80820486,21170860,930,2088.178065,SHM BC198O,Non AD shampoo,BC198 O1RP151020L 0.7Mont Blanc RJ,2.1071,EC,GBU
80849561,21008380,1180,1645.721125,SHM BC156OF,AD shampoo,BC156o F+1RT300106 0.5PO 1.7JPM HS,2.6736,HS,GBU
80749745,90433045,170,5711.318795,SHM BC162H QRC,Climbazole shampoo,BC162Hs QRc2400 0.45C 0.285SR AL RJ,0.7704,FC,On going
80829597,90330061,400,2427.452278,SHM BC156CF,Climbazole shampoo,BC156c F1RT300104 0.45C 0.9SE-Menthol RJ,1.8126,EC,On going
80829594,90330061,750,1294.650739,SHM BC156CF,Climbazole shampoo,BC156c F1RT300104 0.45C 0.9SE-Menthol RJ,3.3986,EC,On going
80831801,21156208,400,2427.452278,SHM BC177N,PO shampoo,BC177N G1XJ151000 o0.3 0.65FL RJ,1.8126,EC,HKTW
80831804,21166098,400,2427.452278,SHM BC177N,PO shampoo,BC177N G1XJ151000 o0.3 0.6SunnyCitrus RJ,1.8126,EC,HKTW
80831800,21196959,400,2427.452278,SHM GH140OT,PO shampoo,GH140o T+0.5H D2N20S08 0.3PO KTN 0.7JA,1.8126,EC,HKTW
80831802,21170860,400,2427.452278,SHM BC198O,Non AD shampoo,BC198 O1RP151020L 0.7Mont Blanc RJ,1.8126,EC,HKTW
80841211,90169500,670,1449.227628,SHM BC156OF,AD shampoo,BC156o F1RT300108 0.5PO 1.1TS HS,3.0361,HS,On going
80841221,21008380,750,1294.650739,SHM BC156OF,AD shampoo,BC156o F+1RT300106 0.5PO 1.7JPM HS,3.3986,HS,On going
21310636,21008380,650,17922.60692,SHM BC156OF,AD shampoo,BC156o F+1RT300106 0.5PO 1.7JPM HS,0.2455,HS,Pack
80832028,21196959,750,2589.301477,SHM GH140OT,PO shampoo,GH140o T+0.5H D2N20S08 0.3PO KTN 0.7JA,1.6993,EC,HKTW
21301327,90393423,300,38834.95146,SHM BC177N,PO shampoo,BC177N G1XJ151000 o0.5 1.1PR HS,0.1133,HS,Pack
80832138,21161321,750,2589.301477,COND BC840S75,Non AD conditioner,BC840S75-24 1TAS KTN 0.7Mont Blanc RJ,1.6993,EC,HKTW
80832137,21166117,750,2589.301477,COND BC840S75,Non AD conditioner,BC840S75-24 1TAS KTN 0.7Mont Blanc RJ,1.6993,EC,HKTW
80832016,21161158,750,2589.301477,SHM BC156CF,Climbazole shampoo,BC156c F1RT300120 0.45C 0.7Mont Blanc RJ,1.6993,EC,HKTW
80832019,21170860,750,2589.301477,SHM BC198O,Non AD shampoo,BC198 O1RP151020L 0.7Mont Blanc RJ,1.6993,EC,HKTW
80840333,90167254,400,2427.452278,SHM BC156OF,AD shampoo,BC156o F1RT300106 0.5PO 1.1PR HS,1.8126,HS,HKTW
80840332,90169500,680,2855.844746,SHM BC156OF,AD shampoo,BC156o F1RT300108 0.5PO 1.1TS HS,1.5407,HS,HKTW
80840324,21008380,680,2855.844746,SHM BC156OF,AD shampoo,BC156o F+1RT300106 0.5PO 1.7JPM HS,1.5407,HS,HKTW
80840325,90142374,680,2855.844746,COND BC27S109,PO conditioner,BC27 S109-20 0.25PO 0.66PDMS 0.55Vi NaBz,1.5407,HS,HKTW
21309197,90276496,680,17133.95639,SHM BC156OF,AD shampoo,BC156o F1RT300116 0.5PO 1.20JJF HS,0.2568,HS,pack
21297314,90276491,680,17133.95639,SHM BC156OF,AD shampoo,BC156o F1RT300116 0.5PO 1.30DaphneVN HS,0.2568,HS,pack
80840330,90167254,680,2855.844746,SHM BC156OF,AD shampoo,BC156o F1RT300106 0.5PO 1.1PR HS,1.5407,HS,HKTW
80840326,90299026,680,2855.844746,SHM BC177N,PO shampoo,BC177N G1XJ152000 o0.5 1.0CMM HS,1.5407,HS,HKTW
80840320,90291266,680,2855.844746,SHM BC177N,PO shampoo,BC177N G1XJ152000 o0.5 0.9PR HS,1.5407,HS,HKTW
80840338,90288239,680,2855.844746,SHM BC156OF,AD shampoo,BC156o F1RT300110 0.5PO 0.7FGB HS,1.5407,HS,HKTW
80840321,90298879,680,2855.844746,SHM BC156OF,AD shampoo,BC156o F1RT300104 0.5PO 1.1CMM HS,1.5407,HS,HKTW
80840322,20178683,680,2855.844746,SHM BC188H,PO shampoo,BC188H S+2N40S20 0.5PO 1.3GP PNK,1.5407,HS,HKTW
21304477,21141983,650,17405.06329,COND BC840M68,Non AD conditioner,BC840 M68-25 4.0TFS NaBz 0.8GS PNT,0.2528,PTN,pack
21304372,21127223,650,17405.06329,SHM BC189Hd,Non AD shampoo,BC189Hd Q20R40G10S08 0.8GS PNT,0.2528,PTN,pack
80814075,20178683,1180,1645.721125,SHM BC188H,PO shampoo,BC188H S+2N40S20 0.5PO 1.3GP PNK,2.6736,HS,GBU
80842554,90406979,480,2022.895499,SHM BC177N,PO shampoo,BC177N G1XJ152000 o0.5 0.8FGB HS,2.1751,HS,On going
80842560,20154050,480,2022.895499,SHM BC188S,PO shampoo,BC188 S07X4000 0.5PO 1.1DC HS,2.1751,HS,On going
21309829,20178683,700,16647.74877,SHM BC188H,PO shampoo,BC188H S+2N40S20 0.5PO 1.3GP PNK,0.2643,HS,pack
21288324,20178683,680,17133.95639,SHM BC188H,PO shampoo,BC188H S+2N40S20 0.5PO 1.3GP PNK,0.2568,HS,pack
21302948,21008380,680,17133.95639,SHM BC156OF,AD shampoo,BC156o F+1RT300106 0.5PO 1.7JPM HS,0.2568,HS,pack
21302953,90167254,680,17133.95639,SHM BC156OF,AD shampoo,BC156o F1RT300106 0.5PO 1.1PR HS,0.2568,HS,pack
21310525,90167254,400,29119.78822,SHM BC156OF,AD shampoo,BC156o F1RT300106 0.5PO 1.1PR HS,0.1511,HS,pack
21310524,21008380,400,29119.78822,SHM BC156OF,AD shampoo,BC156o F+1RT300106 0.5PO 1.7JPM HS,0.1511,HS,pack
21288325,20178683,400,29119.78822,SHM BC188H,PO shampoo,BC188H S+2N40S20 0.5PO 1.3GP PNK,0.1511,HS,pack
80841209,20178683,670,1449.227628,SHM BC188H,PO shampoo,BC188H S+2N40S20 0.5PO 1.3GP PNK,3.0361,HS,On going
80841208,21008380,670,1449.227628,SHM BC156OF,AD shampoo,BC156o F+1RT300106 0.5PO 1.7JPM HS,3.0361,HS,On going
21190263,21127223,1000,11652.54237,SHM BC189Hd,Non AD shampoo,BC189Hd Q20R40G10S08 0.8GS PNT,0.3776,PTN,pack
21195209,20111636,1000,11652.54237,SHM BC189T,Non AD shampoo,BC189T R17NP3515 G15S08 0.8GS PN,0.3776,PTN,pack
80832490,20159980,530,1832.035641,SHM BC189H,Non AD shampoo,BC189H A17NKP301015G23 KTN 1.0BTO PNT,2.4017,PTN,On going
80813622,20111636,500,1834.403402,SHM BC189T,Non AD shampoo,BC189T R17NP3515 G15S08 0.8GS PN,2.3986,PTN,On going
80813616,21127223,500,1942.004678,SHM BC189Hd,Non AD shampoo,BC189Hd Q20R40G10S08 0.8GS PNT,2.2657,PTN,On going
80849337,21263997,470,2065.921683,SHM BC189T,Non AD shampoo,BC189T A20NP1510G05 KTN 1.1Siri PNT,2.1298,PTN,On going
80849336,21263997,300,3236.722083,SHM BC189T,Non AD shampoo,BC189T A20NP1510G05 KTN 1.1Siri PNT,1.3594,PTN,On going
80826725,20136918,300,3236.722083,SHM BC188S,PO shampoo,BC188 S07N40S10 0.5PO 1.0QS 0.357M,1.3594,PTN,On going
80854030,21287753,180,5237.47173,COND BC840M68,Non AD conditioner,BC840M68-25 NaBz 2.1TAS 2FS 0.5Sil 0.9RL,0.8401,PTN,On going
80849302,21268746,180,5237.47173,COND BC840M68,Non AD conditioner,BC840M68-25 1.6TFS 1.7MSW 0.9Siri PTN,0.8401,PTN,On going
80849303,21268746,230,4098.742431,COND BC840M68,Non AD conditioner,BC840M68-25 1.6TFS 1.7MSW 0.9Siri PTN,1.0735,PTN,On going
80849301,21268746,40,11783.61007,COND BC840M68,Non AD conditioner,BC840M68-25 1.6TFS 1.7MSW 0.9Siri PTN,0.3734,PTN,On going
80854035,21268746,70,6734.006734,COND BC840M68,Non AD conditioner,BC840M68-25 1.6TFS 1.7MSW 0.9Siri PTN,0.6534,PTN,On going
21304776,20159980,530,21989.0055,SHM BC189H,Non AD shampoo,BC189H A17NKP301015G23 KTN 1.0BTO PNT,0.2001,PTN,pack
80840337,20178683,950,2044.134727,SHM BC188H,PO shampoo,BC188H S+2N40S20 0.5PO 1.3GP PNK,2.1525,HS,HKTW
80840327,90167254,950,2044.134727,SHM BC156OF,AD shampoo,BC156o F1RT300106 0.5PO 1.1PR HS,2.1525,HS,HKTW
80840329,90291266,950,2044.134727,SHM BC177N,PO shampoo,BC177N G1XJ152000 o0.5 0.9PR HS,2.1525,HS,HKTW
21309833,21008380,700,16647.74877,SHM BC156OF,AD shampoo,BC156o F+1RT300106 0.5PO 1.7JPM HS,0.2643,HS,pack
80841219,90167254,750,1294.650739,SHM BC156OF,AD shampoo,BC156o F1RT300106 0.5PO 1.1PR HS,3.3986,HS,On going
80841220,90169500,750,1294.650739,SHM BC156OF,AD shampoo,BC156o F1RT300108 0.5PO 1.1TS HS,3.3986,HS,On going
80840342,90169500,950,2044.134727,SHM BC156OF,AD shampoo,BC156o F1RT300108 0.5PO 1.1TS HS,2.1525,HS,HKTW
80840328,21008380,950,2044.134727,SHM BC156OF,AD shampoo,BC156o F+1RT300106 0.5PO 1.7JPM HS,2.1525,HS,HKTW
80841222,20178683,750,1294.650739,SHM BC188H,PO shampoo,BC188H S+2N40S20 0.5PO 1.3GP PNK,3.3986,HS,On going
21298079,20178683,650,17922.60692,SHM BC188H,PO shampoo,BC188H S+2N40S20 0.5PO 1.3GP PNK,0.2455,HS,pack
80841215,90288138,750,1294.650739,SHM BC156OF,AD shampoo,BC156o F1RT300121 0.5PO 0.75VA HS,3.3986,HS,On going
80853420,90288239,680,2855.844746,SHM BC156OF,AD shampoo,BC156o F1RT300110 0.5PO 0.7FGB HS,1.5407,HS,HKTW
80841212,90167254,670,1449.227628,SHM BC156OF,AD shampoo,BC156o F1RT300106 0.5PO 1.1PR HS,3.0361,HS,On going
21293322,90288239,650,17922.60692,SHM BC156OF,AD shampoo,BC156o F1RT300110 0.5PO 0.7FGB HS,0.2455,HS,Pack
21316070,21263997,300,38834.95146,SHM BC189T,Non AD shampoo,BC189T A20NP1510G05 KTN 1.1Siri PNT,0.1133,PTN,Pack
21325106,21268746,180,62857.14286,COND BC840M68,Non AD conditioner,BC840M68-25 1.6TFS 1.7MSW 0.9Siri PTN,0.07,PTN,Pack
80842559,20154050,300,3236.722083,SHM BC188S,PO shampoo,BC188 S07X4000 0.5PO 1.1DC HS,1.3594,HS,On going
21310635,90169500,650,17922.60692,SHM BC156OF,AD shampoo,BC156o F1RT300108 0.5PO 1.1TS HS,0.2455,HS,Pack
80856853,21073081,80,6068.965517,SHM GH140OT,PO shampoo,GH140oA B3X4000 0.5PO 1.7A 1DC,0.725,HS,On going
21330643,21268746,180,62857.14286,COND BC840M68,Non AD conditioner,BC840M68-25 1.6TFS 1.7MSW 0.9Siri PTN,0.07,PTN,Pack
80853504,21297308,280,3467.843632,SHM BC177N,PO shampoo,BC177N G1XJ152000 0.5PO NaSal 1.0ST HR,1.2688,HR,On going
80853518,21302348,280,3467.843632,SHM BC177N,PO shampoo,BC177N G1XJ152000 0.5PO NaSal 0.8OB HR,1.2688,HR,On going
80853519,21297316,280,3467.843632,SHM BC177N,PO shampoo,BC177N G1XJ152000 0.5PO NaSal 0.8WR HR,1.2688,HR,On going
80853509,21297316,530,2442.680286,SHM BC177N,PO shampoo,BC177N G1XJ152000 0.5PO NaSal 0.8WR HR,1.8013,HR,On going
80859245,21292817,750,1294.650739,SHM BC162H QR,Non AD shampoo,BC162Hs QR14048 0.285MC CS RJ,3.3986,FC,On going
80841210,90288239,670,1449.227628,SHM BC156OF,AD shampoo,BC156o F1RT300110 0.5PO 0.7FGB HS,3.0361,HS,On going
80841218,90291266,750,1294.650739,SHM BC177N,PO shampoo,BC177N G1XJ152000 o0.5 0.9PR HS,3.3986,HS,On going
80820471,21170860,700,1387.137453,SHM BC198O,Non AD shampoo,BC198 O1RP151020L 0.7Mont Blanc RJ,3.172,EC,GBU
80854034,21287753,40,11783.61007,COND BC840M68,Non AD conditioner,BC840M68-25 NaBz 2.1TAS 2FS 0.5Sil 0.9RL,0.3734,PTN,On going
20184111,91709062,530,21348.85978,SHM BC162CW,Clear shampoo,BC162C WM2500 0.55MidSum AU,0.2061,Aussie,pack
80854031,21287753,70,6734.006734,COND BC840M68,Non AD conditioner,BC840M68-25 NaBz 2.1TAS 2FS 0.5Sil 0.9RL,0.6534,PTN,On going
21337514,21287753,40,282051.2821,COND BC840M68,Non AD conditioner,BC840M68-25 NaBz 2.1TAS 2FS 0.5Sil 0.9RL,0.0156,PTN,pack
21326489,21287753,180,62857.14286,COND BC840M68,Non AD conditioner,BC840M68-25 NaBz 2.1TAS 2FS 0.5Sil 0.9RL,0.07,PTN,pack
21301337,20178683,680,17133.95639,SHM BC188H,PO shampoo,BC188H S+2N40S20 0.5PO 1.3GP PNK,0.2568,HS,Pack
21296430,21008380,680,17133.95639,SHM BC156OF,AD shampoo,BC156o F+1RT300106 0.5PO 1.7JPM HS,0.2568,HS,Pack
80859229,21309191,750,1294.650739,SHM BC162H QR,Climbazole shampoo,BC162Hs QR24048 0.285SR AL RJ,3.3986,FC,On going
80859243,21287654,750,1294.650739,SHM BC162H QR,Climbazole shampoo,BC162Hs QR14048 0.285SR AL RJ,3.3986,FC,On going
80859235,21305680,750,1294.650739,SHM BC162H QR,Climbazole shampoo,BC162Hs QR14048 0.285SR AL RJ,3.3986,FC,On going
80859232,21305828,360,2697.235334,SHM BC128C,AD shampoo,BC128c KN1500 0.45C 0.285SR AL RJ,1.6313,FC,On going
80859226,21305828,170,2855.844746,SHM BC128C,AD shampoo,BC128c KN1500 0.45C 0.285SR AL RJ,1.5407,FC,On going
80859234,21305828,1180,822.8605625,SHM BC128C,AD shampoo,BC128c KN1500 0.45C 0.285SR AL RJ,5.3472,FC,On going
21321737,21287753,180,62857.14286,COND BC840M68,Non AD conditioner,BC840M68-25 NaBz 2.1TAS 2FS 0.5Sil 0.9RL,0.07,PTN,pack
80859231,21302238,750,1294.650739,SHM BC162H QR,Climbazole shampoo,BC162Hs QR14048 0.285SR AL RJ,3.3986,FC,On going
80859228,21295444,750,1256.927384,COND BC264MD50,Non AD conditioner,BC264MD50 0.50TAS NaBz 0.6SR AL 2021 RJ,3.5006,FC,On going
20201863,90421251,180,62857.14286,COND BC840M68,Non AD conditioner,BC840M68-25 KTN 4.5TFS 0.75RL PTN,0.07,PTN,pack
80854033,21287753,230,4098.742431,COND BC840M68,Non AD conditioner,BC840M68-25 NaBz 2.1TAS 2FS 0.5Sil 0.9RL,1.0735,PTN,On going
80841217,90298879,750,1294.650739,SHM BC156OF,AD shampoo,BC156o F1RT300104 0.5PO 1.1CMM HS,3.3986,HS,On going
80841216,90288239,750,1294.650739,SHM BC156OF,AD shampoo,BC156o F1RT300110 0.5PO 0.7FGB HS,3.3986,HS,On going
21337520,21268746,40,282051.2821,COND BC840M68,Non AD conditioner,BC840M68-25 1.6TFS 1.7MSW 0.9Siri PTN,0.0156,PTN,pack
21286727,90167254,700,16647.74877,SHM BC156OF,AD shampoo,BC156o F1RT300106 0.5PO 1.1PR HS,0.2643,HS,On going
21357213,21141975,400,28277.63496,COND BC840M68,Non AD conditioner,BC840 M68-25 4.1TFS NaBz 0.8GS PNT,0.1556,PTN,pack
21302940,20178683,1000,11652.54237,SHM BC188H,PO shampoo,BC188H S+2N40S20 0.5PO 1.3GP PNK,0.3776,HS,pack
21298016,21008380,1000,11652.54237,SHM BC156OF,AD shampoo,BC156o F+1RT300106 0.5PO 1.7JPM HS,0.3776,HS,pack
21310511,90167254,1000,11652.54237,SHM BC156OF,AD shampoo,BC156o F1RT300106 0.5PO 1.1PR HS,0.3776,HS,pack
21288315,20178683,200,58278.1457,SHM BC188H,PO shampoo,BC188H S+2N40S20 0.5PO 1.3GP PNK,0.0755,HS,pack
21310510,21008380,200,58278.1457,SHM BC156OF,AD shampoo,BC156o F+1RT300106 0.5PO 1.7JPM HS,0.0755,HS,pack
21288319,90167254,200,58278.1457,SHM BC156OF,AD shampoo,BC156o F1RT300106 0.5PO 1.1PR HS,0.0755,HS,pack
80832022,21156208,600,3236.722083,SHM BC177N,PO shampoo,BC177N G1XJ151000 o0.3 0.65FL RJ,1.3594,EC,HKTW
80832018,21156208,600,3236.722083,SHM BC177N,PO shampoo,BC177N G1XJ151000 o0.3 0.65FL RJ,1.3594,EC,HKTW
80865248,21309204,530,1832.035641,SHM BC189H,Non AD shampoo,BC189H A17NKP301015G23 NaBz 1.0BTO PNT,2.4017,PTN,On going
80865259,21325680,530,1832.035641,SHM BC189T,Non AD shampoo,BC189T B20NP1510G05 NaBz 0.25M 1.1MT PNT,2.4017,PTN,On going
80865430,21350259,70,6734.006734,COND BC840M68,Non AD conditioner,BC840M68-25 NaBz 2.1TAS 2FS 0.5Sil 0.9CK,0.6534,PTN,On going
80865431,21350259,160,5891.805035,COND BC840M68,Non AD conditioner,BC840M68-25 NaBz 2.1TAS 2FS 0.5Sil 0.9CK,0.7468,PTN,On going
21357318,21141975,200,56555.26992,COND BC840M68,Non AD conditioner,BC840 M68-25 4.1TFS NaBz 0.8GS PNT,0.0778,PTN,pack
80856854,21073081,480,2022.895499,SHM GH140OA,PO shampoo,GH140oA B3X4000 0.5PO 1.7A 1DC,2.1751,HS,On going
80856849,21073081,360,2697.235334,SHM GH140OA,PO shampoo,GH140oA B3X4000 0.5PO 1.7A 1DC,1.6313,HS,On going
80856843,21073081,670,1449.227628,SHM GH140OA,PO shampoo,GH140oA B3X4000 0.5PO 1.7A 1DC,3.0361,HS,On going
80865447,21141975,400,2356.722014,COND BC840M68,Non AD conditioner,BC840 M68-25 4.1TFS NaBz 0.8GS PNT,1.867,PTN,HKTW
80865450,20111636,650,2987.709649,SHM BC189T,Non AD shampoo,BC189T R17NP3515 G15S08 0.8GS PN,1.4727,PTN,HKTW
80865456,21141975,650,2900.652647,COND BC840M68,Non AD conditioner,BC840 M68-25 4.1TFS NaBz 0.8GS PNT,1.5169,PTN,HKTW
80856855,21294824,480,2022.895499,SHM BC188S,PO shampoo,BC188 S07X4000 0.5PO 1.1Yuja Cha HS,2.1751,HS,HKTW
80865445,20111636,950,2044.134727,SHM BC189T,Non AD shampoo,BC189T R17NP3515 G15S08 0.8GS PN,2.1525,PTN,HKTW
80820494,21196959,620,1566.114967,SHM GH140OT,PO shampoo,GH140o T+0.5H D2N20S08 0.3PO KTN 0.7JA,2.8095,EC,GBU
21367108,21141983,200,56555.26992,COND BC840M68,Non AD conditioner,BC840 M68-25 4.0TFS NaBz 0.8GS PNT,0.0778,PTN,pack
80852659,21297317,530,2371.58411,COND BC840M100,Non AD conditioner,BC840 M100-25 3.0TAS 0.25Slsf NaBz 0.7WR,1.8553,HR,On going
80852657,21297317,280,3366.745734,COND BC840M100,Non AD conditioner,BC840 M100-25 3.0TAS 0.25Slsf NaBz 0.7WR,1.3069,HR,On going
21348207,21170860,650,16647.74877,SHM BC198O,Non AD shampoo,BC198 O1RP151020L 0.7Mont Blanc RJ,0.2643,EC,pack
21348220,21196959,650,17922.60692,SHM GH140OT,PO shampoo,GH140o T+0.5H D2N20S08 0.3PO KTN 0.7JA,0.2455,EC,pack
21286728,90169500,700,17922.60692,SHM BC156OF,AD shampoo,BC156o F1RT300108 0.5PO 1.1TS HS,0.2455,HS,pack
80864679,21345673,530,2442.680286,SHM BC188H,PO shampoo,BC188H S07N40S15 0.8PO NaBz  NaSal HR,1.8013,HR,On going
80859237,21305828,1000,970.9809114,SHM BC128C,AD shampoo,BC128c KN1500 0.45C 0.285SR AL RJ,4.5315,FC,On going
80859230,21305680,1000,970.9809114,SHM BC162H QR,Climbazole shampoo,BC162Hs QR14048 0.285SR AL RJ,4.5315,FC,On going
80865452,21127223,950,2044.134727,SHM BC189H,Non AD shampoo,BC189Hd Q20R40G10S08 0.8GS PNT,2.1525,PTN,HKTW
80865448,21078663,950,2044.134727,SHM BC109 ,Clear shampoo,BC109s P1905X095 NaSal 0.475FR PNT,2.1525,PTN,HKTW
80865459,90469318,950,2044.134727,SHM BC109 ,Clear shampoo,BC109s P29R19D019 0.475FR PNT,2.1525,PTN,HKTW
80865451,90469318,650,2987.709649,SHM BC109 ,Clear shampoo,BC109s P29R19D019 0.475FR PNT,1.4727,PTN,HKTW
80865455,21078663,650,2987.709649,SHM BC109 ,Clear shampoo,BC109s P1905X095 NaSal 0.475FR PNT,1.4727,PTN,HKTW
80865458,21127223,650,2987.709649,SHM BC189H,Non AD shampoo,BC189Hd Q20R40G10S08 0.8GS PNT,1.4727,PTN,HKTW
80865457,21137064,650,2987.709649,SHM BC189H,Non AD shampoo,BC189Hd Q20R40G10S08 0.8GS PNT,1.4727,PTN,HKTW
80865700,21132171,650,2900.652647,COND BC840M68,Non AD conditioner,BC840 MD67-24 3Gly 2TAS NaBz 0.7FR PNT,1.5169,PTN,HKTW
80865453,21141983,650,2900.652647,COND BC840M68,Non AD conditioner,BC840 M68-25 4.0TFS NaBz 0.8GS PNT,1.5169,PTN,HKTW
80865454,21118318,650,2900.652647,COND BC840M68,Non AD conditioner,BC840MD67-24 3.0Gly 1.5TAS NaBz 0.7FR,1.5169,PTN,HKTW
80865446,21127236,650,2900.652647,COND BC840M68,Non AD conditioner,BC840 Sc120-25 2.5TAS NaBz 0.8GS PNT,1.5169,PTN,HKTW
80865449,90454578,650,2987.709649,SHM BC162H QR,Climbazole shampoo,BC162Hs VRc48067 0.45C 0.57FR PNT,1.4727,PTN,HKTW
80865701,91432184,650,2987.709649,SHM BC162H QR,Climbazole shampoo,BC162H QP1020 0.6 FR Histidine PTN,1.4727,PTN,HKTW
80859227,21292817,170,2855.844746,SHM BC162H QR,Climbazole shampoo,BC162Hs QR14048 0.285MC CS RJ,1.5407,FC,On going
80841232,20178683,680,1427.922373,SHM BC188H,PO shampoo,BC188H S+2N40S20 0.5PO 1.3GP PNK,3.0814,HS,On going
80841223,21008380,680,1427.922373,SHM BC156OF,AD shampoo,BC156o F+1RT300106 0.5PO 1.7JPM HS,3.0814,HS,On going
80865432,21357193,470,2065.921683,SHM BC189H,Non AD shampoo,BC189H A17NKP301015G10S05 1.2CK PNT,2.1298,PTN,On going
80852654,21311183,530,2371.58411,COND BC840M68,Non AD conditioner,BC840M68-25 NaBz 1.6TFS 1.7MSW 0.8ST HR,1.8553,HR,On going
80852655,21302350,530,2371.58411,COND BC840M68,Non AD conditioner,BC840M68-25 NaBz 1.6TFS 1.7MSW 0.8OB HR,1.8553,HR,On going
80852656,21302350,280,3366.745734,COND BC840M68,Non AD conditioner,BC840M68-25 NaBz 1.6TFS 1.7MSW 0.8OB HR,1.3069,HR,On going
80852658,21311183,280,3366.745734,COND BC840M68,Non AD conditioner,BC840M68-25 NaBz 1.6TFS 1.7MSW 0.8ST HR,1.3069,HR,On going
80859244,21287654,360,2697.235334,SHM BC162H QR,Climbazole shampoo,BC162Hs QR14048 0.285SR AL RJ,1.6313,FC,On going
80859233,21305680,360,2697.235334,SHM BC162H QR,Climbazole shampoo,BC162Hs QR14048 0.285SR AL RJ,1.6313,FC,On going
80859236,21302238,360,2697.235334,SHM BC162H QR,Climbazole shampoo,BC162Hs QR14048 0.285SR AL RJ,1.6313,FC,On going
80859250,21305680,170,2855.844746,SHM BC162H QR,Climbazole shampoo,BC162Hs QR14048 0.285SR AL RJ,1.5407,FC,On going
80859240,21309191,170,2855.844746,SHM BC162H QR,Climbazole shampoo,BC162Hs QR24048 0.285SR AL RJ,1.5407,FC,On going
80859239,21305828,750,1294.650739,SHM BC128C,AD shampoo,BC128c KN1500 0.45C 0.285SR AL RJ,3.3986,FC,On going
80856852,21294824,670,1449.227628,SHM BC188,PO shampoo,BC188 S07X4000 0.5PO 1.1Yuja Cha HS,3.0361,HS,On going
80856839,21355402,480,2022.895499,SHM GH140OT,PO shampoo,GH140o T+A3XJ1515S1 0.5PO 1.1BO,2.1751,HS,On going
80859248,21292817,1000,970.9809114,SHM BC162H QR,Climbazole shampoo,BC162Hs QR14048 0.285MC CS RJ,4.5315,FC,On going
80868693,21268746,40,11783.61007,COND BC840M68,Non AD conditioner,BC840M68-25 1.6TFS 1.7MSW 0.9Siri PTN,0.3734,PTN,HKTW
80859241,21292817,360,2697.235334,SHM BC162H QR,Climbazole shampoo,BC162Hs QR14048 0.285MC CS RJ,1.6313,FC,On going
80859246,21309191,360,2697.235334,SHM BC162H QR,Climbazole shampoo,BC162Hs QR24048 0.285SR AL RJ,1.6313,FC,On going
21334484,21305680,170,68535.82555,SHM BC162H QR,Climbazole shampoo,BC162Hs QR14048 0.285SR AL RJ,0.0642,FC,pack
21319824,21305828,170,68535.82555,SHM BC128C,AD shampoo,BC128c KN1500 0.45C 0.285SR AL RJ,0.0642,FC,pack
80859242,21287654,170,2855.844746,SHM BC162H QR,Climbazole shampoo,BC162Hs QR14048 0.285SR AL RJ,1.5407,FC,On going
80859238,21302238,170,2855.844746,SHM BC162H QR,Climbazole shampoo,BC162Hs QR14048 0.285SR AL RJ,1.5407,FC,On going
80868692,21268746,180,5237.47173,COND BC840M68,Non AD conditioner,BC840M68-25 1.6TFS 1.7MSW 0.9Siri PTN,0.8401,PTN,HKTW
80865244,21263997,470,2065.921683,SHM BC189T,Non AD shampoo,BC189T A20NP1510G05 KTN 1.1Siri PNT,2.1298,PTN,HKTW
80865245,90485140,470,2065.921683,SHM BC189H,Non AD shampoo,BC189H A17NKP301015G10S05 0.8Redline PNT,2.1298,PTN,HKTW
21319825,21305828,750,15531.23897,SHM BC128C,AD shampoo,BC128c KN1500 0.45C 0.285SR AL RJ,0.2833,FC,pack
21329726,21305680,750,15531.23897,SHM BC162H QR,Climbazole shampoo,BC162Hs QR14048 0.285SR AL RJ,0.2833,FC,pack
21334685,21305680,360,32376.74761,SHM BC162H QR,Climbazole shampoo,BC162Hs QR14048 0.285SR AL RJ,0.1359,FC,pack
21344138,21305828,360,32376.74761,SHM BC128C,AD shampoo,BC128c KN1500 0.45C 0.285SR AL RJ,0.1359,FC,pack
80859247,21305828,930,1044.064257,SHM BC128C,AD shampoo,BC128c KN1500 0.45C 0.285SR AL RJ,4.2143,FC,GBU
80859249,21305680,930,1044.064257,SHM BC162H QR,Climbazole shampoo,BC162Hs QR14048 0.285SR AL RJ,4.2143,FC,GBU
80856845,21294824,80,6068.965517,SHM BC188,PO shampoo,BC188 S07X4000 0.5PO 1.1Yuja Cha HS,0.725,HS,On going
80865102,21346551,530,2371.58411,SHM BC177N,PO shampoo,BC177N G1XJ152000 0.5PO NaSal 1.0RW HR,1.8553,HR,On going
21392969,21156208,520,22403.25866,SHM BC177N,PO shampoo,BC177N G1XJ151000 o0.3 0.65FL RJ,0.1964,EC,pack
80874808,21156208,930,2088.178065,SHM BC177N,PO shampoo,BC177N G1XJ151000 o0.3 0.65FL RJ,2.1071,EC,GBU
21350580,21073081,80,141479.0997,SHM GH140OT,PO shampoo,GH140oA B3X4000 0.5PO 1.7A 1DC,0.0311,HS,pack
21387762,21008380,430,27110.28959,SHM BC156OF,AD shampoo,BC156o F+1RT300106 0.5PO 1.7JPM HS,0.1623,HS,pack
21357433,21073081,360,32352.94118,SHM GH140OT,PO shampoo,GH140oA B3X4000 0.5PO 1.7A 1DC,0.136,HS,pack
80856844,21294824,360,2697.235334,SHM BC188,PO shampoo,BC188 S07X4000 0.5PO 1.1Yuja Cha HS,1.6313,HS,On going
80820495,21170860,620,1566.114967,SHM BC198O,Non AD shampoo,BC198 O1RP151020L 0.7Mont Blanc RJ,2.8095,EC,GBU
80868678,21350259,180,5237.47173,COND BC840M68,Non AD conditioner,BC840M68-25 NaBz 2.1TAS 2FS 0.5Sil 0.9CK,0.8401,PTN,HKTW
80864351,21326292,290,6499.261448,SHM BC188,PO shampoo,BC188 R+1B40S06 0.8PO 1.6SKM PCH,0.677,PTN,HKTW
80864349,21326292,290,6499.261448,SHM BC188,PO shampoo,BC188 R+1B40S06 0.8PO 1.6SKM PCH,0.677,PTN,HKTW
21350032,21305680,1000,11652.54237,SHM BC162H QR,Climbazole shampoo,BC162Hs QR14048 0.285SR AL RJ,0.3776,FC,pack
21344150,21305828,1000,11652.54237,SHM BC128C,AD shampoo,BC128c KN1500 0.45C 0.285SR AL RJ,0.3776,FC,pack
21373502,21073081,360,32352.94118,SHM GH140OT,PO shampoo,GH140oA B3X4000 0.5PO 1.7A 1DC,0.136,HS,pack
21404777,21021319,530,21934.19741,SHM BC189H,Non AD shampoo,BC189H A17NP2020G10 KTN 1.1ROW PNT,0.2006,PTN,pack
80865251,21314762,300,3236.722083,SHM BC189H,Non AD shampoo,BC189H A17NP2020G10 NaBz 1.1% ROW PTN,1.3594,PTN,On going
80853520,21297308,530,2371.58411,SHM BC177N,PO shampoo,BC177N G1XJ152000 0.5PO NaSal 1.0ST HR,1.8553,HR,On going
80864350,21326292,290,6499.261448,SHM BC188,PO shampoo,BC188 R+1B40S06 0.8PO 1.6SKM PCH,0.677,PTN,HKTW
80853505,21302348,530,2371.58411,SHM BC177N,PO shampoo,BC177N G1XJ152000 0.5PO NaSal 0.8OB HR,1.8553,HR,On going
21379259,20111636,650,17405.06329,SHM BC189T,Non AD shampoo,BC189T R17NP3515 G15S08 0.8GS PN,0.2528,PTN,pack
80865258,21325680,300,3236.722083,SHM BC189T,Non AD shampoo,BC189T B20NP1510G05 NaBz 0.25M 1.1MT PNT,1.3594,PTN,On going
20129446,90423973,530,21348.85978,SHM BC177N,PO shampoo,BC177 G1XJ152000 0.85OP Aussie,0.2061,Aussie,pack
80875068,21355402,650,1493.804108,SHM GH140OT,PO shampoo,GH140o T+A3XJ1515S1 0.5PO 1.1BO,2.9455,HS,HKTW
80856834,21355402,80,6068.965517,SHM GH140OT,PO shampoo,GH140o T+A3XJ1515S1 0.5PO 1.1BO,0.725,HS,FGOI
80875072,21294824,650,1493.804108,SHM BC188,PO shampoo,BC188 S07X4000 0.5PO 1.1Yuja Cha HS,2.9455,HS,HKTW
80875071,21073081,650,1493.804108,SHM GH140OT,PO shampoo,GH140oA B3X4000 0.5PO 1.7A 1DC,2.9455,HS,HKTW
80870883,91297192,80,6068.965517,SHM BC188S,PO shampoo,BC188 S07X4000 0.8PO 1.1MSR,0.725,HS,HKTW
80856846,21355402,670,1449.227628,SHM GH140OT,PO shampoo,GH140o T+A3XJ1515S1 0.5PO 1.1BO,3.0361,HS,On going
20202199,91709062,300,37703.51328,SHM BC162H QR,Climbazole shampoo,BC162C WM2500 0.55MidSum AU,0.1167,Aussie,pack
80864352,21326292,290,6499.261448,SHM BC188S,PO shampoo,BC188 R+1B40S06 0.8PO 1.6SKM PCH,0.677,PTN,HKTW
80875073,21038926,530,2371.58411,SHM BC177N,PO shampoo,BC177N G1XJ152000 0.3PO NaSal 0.7Amer HR,1.8553,HR,HKTW
80864348,21326292,290,6499.261448,SHM BC188S,PO shampoo,BC188 R+1B40S06 0.8PO 1.6SKM PCH,0.677,PTN,HKTW
80875074,21038926,530,2371.967655,SHM BC177N,PO shampoo,BC177N G1XJ152000 0.3PO NaSal 0.7Amer HR,1.855,HR,On going
80875070,21073081,80,6068.965517,SHM GH140OT,PO shampoo,GH140oA B3X4000 0.5PO 1.7A 1DC,0.725,HS,HKTW
80856837,21355402,360,2697.235334,SHM GH140OT,PO shampoo,GH140o T+A3XJ1515S1 0.5PO 1.1BO,1.6313,HS,On going
80875069,21355402,80,6068.965517,SHM GH140OT,PO shampoo,GH140o T+A3XJ1515S1 0.5PO 1.1BO,0.725,HS,HKTW
80870884,91265489,80,6068.965517,SHM BC188S,PO shampoo,BC188 S07X4000 0.8PO 1.1FGB,0.725,HS,FGOI
21420778,21309204,530,21934.19741,SHM BC189H,Non AD shampoo,BC189H A17NKP301015G23 NaBz 1.0BTO PNT,0.2006,PTN,pack
21360015,21141975,650,17405.06329,COND BC840M68,Non AD conditioner,BC840 M68-25 4.1TFS NaBz 0.8GS PNT,0.2528,PTN,pack
21420939,21325680,530,21934.19741,SHM BC189T,Non AD shampoo,BC189T B20NP1510G05 NaBz 0.25M 1.1MT PNT,0.2006,PTN,pack
80881399,21287753,300,3236.722083,COND BC840M68,Non AD conditioner,BC840M68-25 NaBz 2.1TAS 2FS 0.5Sil 0.9RL,1.3594,PTN,On going
21396993,21350259,160,62857.14286,COND BC840M68,Non AD conditioner,BC840M68-25 NaBz 2.1TAS 2FS 0.5Sil 0.9CK,0.07,PTN,PACK
21403952,21297308,530,21989.0055,SHM BC177N,PO shampoo,BC177N G1XJ152000 0.5PO NaSal 1.0ST HR,0.2001,HR,PACK
21385255,21127223,650,17405.06329,SHM BC189H,Non AD shampoo,BC189Hd Q20R40G10S08 0.8GS PNT,0.2528,PTN,pack
21418985,21350259,70,161172.1612,COND BC840M68,Non AD conditioner,BC840M68-25 NaBz 2.1TAS 2FS 0.5Sil 0.9CK,0.0273,PTN,pack
21296431,90169500,680,17133.95639,SHM BC156OF,AD shampoo,BC156o F1RT300108 0.5PO 1.1TS HS,0.2568,HS,pack
21387455,21357193,470,24070.02188,SHM BC189H,Non AD shampoo,BC189H A17NKP301015G10S05 1.2CK PNT,0.1828,PTN,pack
80880192,21406943,750,1294.650739,SHM GH140OT,PO shampoo,GH140o T+0.5H D2N20S08 0.3PO NaBz 0.7JA,3.3986,EC,On going
80883611,21411939,750,1294.650739,SHM BC177N,PO shampoo,BC177N G1XJ151000 0.3PO NaSal 0.65FL RJ,3.3986,EC,On going
80883592,21432367,750,1294.650739,SHM BC177N,PO shampoo,BC177N G1XJ151000 0.3PO NaSal 0.6SC RJ,3.3986,EC,On going
21387467,21311183,530,21348.85978,COND BC840M68,Non AD conditioner,BC840M68-25 NaBz 1.6TFS 1.7MSW 0.8ST HR,0.2061,HR,PACK
21392414,21302348,530,21989.0055,SHM BC177N,PO shampoo,BC177N G1XJ152000 0.5PO NaSal 0.8OB HR,0.2001,HR,PACK
21296432,90167254,680,17133.95639,SHM BC156OF,AD shampoo,BC156o F1RT300106 0.5PO 1.1PR HS,0.2568,HS,pack
80885098,21297317,510,2538.510356,COND BC840M100,Non AD conditioner,BC840 M100-25 3.0TAS 0.25Slsf NaBz 0.7WR,1.7333,HR,HKTW
80885105,21311183,510,2538.510356,COND BC840M68,Non AD conditioner,BC840M68-25 NaBz 1.6TFS 1.7MSW 0.8ST HR,1.7333,HR,HKTW
80885097,21302350,510,2538.510356,COND BC840M68,Non AD conditioner,BC840M68-25 NaBz 1.6TFS 1.7MSW 0.8OB HR,1.7333,HR,HKTW
80885107,21297316,510,2538.510356,SHM BC177N,PO shampoo,BC177N G1XJ152000 0.5PO NaSal 0.8WR HR,1.7333,HR,HKTW
80885108,21297308,510,2538.510356,SHM BC177N,PO shampoo,BC177N G1XJ152000 0.5PO NaSal 1.0ST HR,1.7333,HR,HKTW
80885101,21345673,510,2538.510356,SHM BC188H,PO shampoo,BC188H S07N40S15 0.8PO NaBz  NaSal HR,1.7333,HR,HKTW
80885103,21302348,510,2538.510356,SHM BC177N,PO shampoo,BC177N G1XJ152000 0.5PO NaSal 0.8OB HR,1.7333,HR,HKTW
80885100,21302348,280,3467.843632,SHM BC177N,PO shampoo,BC177N G1XJ152000 0.5PO NaSal 0.8OB HR,1.2688,HR,HKTW
80885099,21345673,280,3467.843632,SHM BC188H,PO shampoo,BC188H S07N40S15 0.8PO NaBz  NaSal HR,1.2688,HR,HKTW
80832033,21196959,600,3236.722083,SHM GH140OT,PO shampoo,GH140o T+0.5H D2N20S08 0.3PO KTN 0.7JA,1.3594,EC,HKTW
80865252,21309204,300,3236.722083,SHM BC189H,Non AD shampoo,BC189H A17NKP301015G23 NaBz 1.0BTO PNT,1.3594,PTN,On going
80875075,21038926,280,3366.745734,SHM BC177N,PO shampoo,BC177N G1XJ152000 0.3PO NaSal 0.7Amer HR,1.3069,HR,On going
80883615,21427069,750,1294.650739,SHM BC198O,Non AD shampoo,BC198G O1RP1510S125 NaSal 0.7MB,3.3986,EC,On going
80883601,21405750,600,1618.301519,SHM BC177N,PO shampoo,BC177N G1XJ151000 0.3PO NaSal 1.0NK RJ,2.7189,EC,On going
80883600,21405750,1000,1942.004678,SHM BC177N,PO shampoo,BC177N G1XJ151000 0.3PO NaSal 1.0NK RJ,2.2657,EC,On going
80865246,21314762,530,1832.035641,SHM BC189H,Non AD shampoo,BC189H A17NP2020G10 NaBz 1.1% ROW PTN,2.4017,PTN,On going
80883604,21413813,200,4713.444028,COND BC840S75,Non AD conditioner,BC840S75-24 1TAS NaBz 0.7Mont Blanc RJ,0.9335,EC,On going
21413679,21156208,400,28277.63496,SHM BC177N,PO shampoo,BC177N G1XJ151000 o0.3 0.65FL RJ,0.1556,EC,pack
21379460,21141983,650,17405.06329,COND BC840M68,Non AD conditioner,BC840 M68-25 4.0TFS NaBz 0.8GS PNT,0.2528,PTN,pack
80883619,21416556,750,1294.650739,SHM GH140OT,PO shampoo,GH140c 1.25H D2N20S10 0.45C NaBz 0.7MB,3.3986,EC,On going
80883593,21393297,600,1618.301519,SHM GH140OT,PO shampoo,GH140c T D2N20S10 0.45c NaSal 1.0GBG,2.7189,EC,On going
80864347,21326292,290,6499.261448,SHM BC188,PO shampoo,BC188 R+1B40S06 0.8PO 1.6SKM PCH,0.677,PTN,HKTW
80868686,21357193,470,2065.921683,SHM BC189H,Non AD shampoo,BC189H A17NKP301015G10S05 1.2CK PNT,2.1298,PTN,HKTW
80889182,21402671,670,1449.227628,SHM GH140OT,PO shampoo,GH140o T+A3XJ1515S15 0.5PO 1.3Aw0.3M,3.0361,HS,On going
80889183,21396366,670,1449.227628,SHM GH140OT,PO shampoo,GH140o T+A3XJ1515S1 0.5PO 1.3Am0.4M,3.0361,HS,On going
80889185,21396366,360,2697.235334,SHM GH140OT,PO shampoo,GH140o T+A3XJ1515S1 0.5PO 1.3Am0.4M,1.6313,HS,On going
80889184,21402671,360,2697.235334,SHM GH140OT,PO shampoo,GH140o T+A3XJ1515S15 0.5PO 1.3Aw0.3M,1.6313,HS,On going
80883623,21393297,1000,1942.004678,SHM GH140OT,PO shampoo,GH140c T D2N20S10 0.45c NaSal 1.0GBG,2.2657,EC,On going
80864353,21326292,290,6499.261448,SHM BC188,PO shampoo,BC188 R+1B40S06 0.8PO 1.6SKM PCH,0.677,PTN,HKTW
83900170,21461837,670,1449.227628,SHM GH140OT,PO shampoo,GH140A B3X4000 0.5PO 1.7A 1.3DPT 0.3M,3.0361,HS,On going
21455786,21314762,530,21989.0055,SHM BC189H,Non AD shampoo,BC189H A17NP2020G10 NaBz 1.1% ROW PTN,0.2001,PTN,pack
80895891,21309204,530,3664.223851,SHM BC189H,Non AD shampoo,BC189H A17NP2020G10 NaBz 1.1% ROW PTN,1.2008,PTN,HKTW
80895892,21314762,530,3664.223851,SHM BC189H,Non AD shampoo,BC189H A17NP2020G10 NaBz 1.1% ROW PTN,1.2008,PTN,HKTW
80895890,21325680,530,3664.223851,SHM BC189T,Non AD shampoo,BC189H A17NP2020G10 NaBz 1.1% ROW PTN,1.2008,PTN,HKTW
80880191,21406943,200,2427.452278,SHM GH140OT,PO shampoo,BC189H A17NP2020G10 NaBz 1.1% ROW PTN,1.8126,EC,On going
80880197,21406943,400,2427.452278,SHM GH140OT,PO shampoo,BC189H A17NP2020G10 NaBz 1.1% ROW PTN,1.8126,EC,On going
21474823,21413813,400,28277.63496,COND BC840S75,Non AD conditioner,BC840S75-24 1TAS NaBz 0.7Mont Blanc RJ,0.1556,EC,PACK
21447907,21411939,400,29119.78822,SHM BC177N,PO shampoo,BC177N G1XJ151000 0.3PO NaSal 0.65FL RJ,0.1511,EC,PACK
80883613,21411939,400,2427.452278,SHM BC177N,PO shampoo,BC177N G1XJ151000 0.3PO NaSal 0.65FL RJ,1.8126,EC,On going
80864354,21326292,290,6499.261448,SHM BC188S,PO shampoo,BC188 R+1B40S06 0.8PO 1.6SKM PCH,0.677,PTN,HKTW
80832025,21166098,600,3236.722083,SHM BC177N,PO shampoo,BC177N G1XJ151000 o0.3 0.6SunnyCitrus RJ,1.3594,EC,HKTW
80881081,21394242,200,4713.444028,COND BC840S75,Non AD conditioner,BC840 S75-24 1TAS NaBz 0.7Mont Blanc RJ,0.9335,EC,On going
80883599,21432367,400,2427.452278,SHM BC177N,PO shampoo,BC177N G1XJ151000 0.3PO NaSal 0.6SC RJ,1.8126,EC,On going
80881082,21394242,400,4713.444028,COND BC840S75,Non AD conditioner,BC840 S75-24 1TAS NaBz 0.7Mont Blanc RJ,0.9335,EC,On going
80883596,21413813,400,4713.444028,COND BC840S75,Non AD conditioner,BC840S75-24 1TAS NaBz 0.7Mont Blanc RJ,0.9335,EC,PACK
83900169,21461837,80,6068.965517,SHM GH140OT,PO shampoo,GH140A B3X4000 0.5PO 1.7A 1.3DPT 0.3M,0.725,HS,FGOI
83900171,21461837,360,2697.235334,SHM GH140OT,PO shampoo,GH140A B3X4000 0.5PO 1.7A 1.3DPT 0.3M,1.6313,HS,On going
80880201,21406943,1000,1942.004678,SHM GH140OT,PO shampoo,GH140o T+0.5H D2N20S08 0.3PO NaBz 0.7JA,2.2657,EC,On going
21461977,21427069,400,29119.78822,SHM BC198O,Non AD shampoo,BC198G O1RP1510S125 NaSal 0.7MB,0.1511,EC,PACK
21457337,21406943,400,29119.78822,SHM GH140OT,PO shampoo,GH140o T+0.5H D2N20S08 0.3PO NaBz 0.7JA,0.1511,EC,PACK
21462614,21413813,200,56555.26992,COND BC840S75,Non AD conditioner,BC840S75-24 1TAS NaBz 0.7Mont Blanc RJ,0.0778,EC,PACK
80880199,21406943,930,2088.178065,SHM GH140OT,PO shampoo,GH140o T+0.5H D2N20S08 0.3PO NaBz 0.7JA,2.1071,EC,GBU
80883591,21411939,930,2088.178065,SHM BC177N,PO shampoo,BC177N G1XJ151000 0.3PO NaSal 0.65FL RJ,2.1071,EC,GBU
80883602,21427069,200,2427.452278,SHM BC198O,Non AD shampoo,BC198G O1RP1510S125 NaSal 0.7MB,1.8126,EC,On going
80880193,21406943,500,1942.004678,SHM GH140OT,PO shampoo,GH140o T+0.5H D2N20S08 0.3PO NaBz 0.7JA,2.2657,EC,On going
80883616,21413813,750,2513.854768,COND BC840S75,Non AD conditioner,BC840S75-24 1TAS NaBz 0.7Mont Blanc RJ,1.7503,EC,On going
80883621,21427069,930,2088.178065,SHM BC198O,Non AD shampoo,BC198G O1RP1510S125 NaSal 0.7MB,2.1071,EC,GBU
80883614,21427069,400,2427.452278,SHM BC198O,Non AD shampoo,BC198G O1RP1510S125 NaSal 0.7MB,1.8126,EC,On going
21448523,21411939,600,19417.47573,SHM BC177N,PO shampoo,BC177N G1XJ151000 0.3PO NaSal 0.65FL RJ,0.2266,EC,PACK
21461976,21406943,500,23305.08475,SHM GH140OT,PO shampoo,GH140o T+0.5H D2N20S08 0.3PO NaBz 0.7JA,0.1888,EC,On going
83911877,21493506,600,1618.301519,SHM GH140OT,PO shampoo,GH140o T D2N20S10 0.3PO NaBz 1.0GBG,2.7189,EC,On going
83911878,21493506,1000,1942.004678,SHM GH140OT,PO shampoo,GH140o T D2N20S10 0.3PO NaBz 1.0GBG,2.2657,EC,On going
21448527,21406943,520,22403.25866,SHM GH140OT,PO shampoo,GH140o T+0.5H D2N20S08 0.3PO NaBz 0.7JA,0.1964,EC,PACK
21470300,21411939,520,22403.25866,SHM BC177N,PO shampoo,BC177N G1XJ151000 0.3PO NaSal 0.65FL RJ,0.1964,EC,PACK
83905388,21461837,650,1493.804108,SHM GH140OT,PO shampoo,GH140A B3X4000 0.5PO 1.7A 1.3DPT 0.3M,2.9455,HS,HKTW
80883608,21411939,1000,1942.004678,SHM BC177N,PO shampoo,BC177N G1XJ151000 0.3PO NaSal 0.65FL RJ,2.2657,EC,On going
83906908,21448721,70,6734.006734,COND BC840M68,Non AD conditioner,BC840M68-25 1.6TFS 1.7MSW 0.9OP NaBz PTN,0.6534,PNT,On going
83906906,21448721,160,5891.805035,COND BC840M68,Non AD conditioner,BC840M68-25 1.6TFS 1.7MSW 0.9OP NaBz PTN,0.7468,PNT,On going
21390447,21268746,70,161172.1612,COND BC840M68,Non AD conditioner,BC840M68-25 1.6TFS 1.7MSW 0.9Siri PTN,0.0273,PNT,PACK
21506491,21268746,40,282051.2821,COND BC840M68,Non AD conditioner,BC840M68-25 1.6TFS 1.7MSW 0.9Siri PTN,0.0156,PNT,PACK
21511330,21287753,180,62857.14286,COND BC840M68,Non AD conditioner,BC840M68-25 NaBz 2.1TAS 2FS 0.5Sil 0.9RL,0.07,PNT,PACK
21516051,21268746,180,62857.14286,COND BC840M68,Non AD conditioner,BC840M68-25 1.6TFS 1.7MSW 0.9Siri PTN,0.07,PNT,PACK
21526088,21287753,40,282051.2821,COND BC840M68,Non AD conditioner,BC840M68-25 NaBz 2.1TAS 2FS 0.5Sil 0.9RL,0.0156,PNT,PACK
83906903,21473650,470,2065.921683,SHM BC177N,PO shampoo,BC177N G1XJ152000 0.3PO 0.9OP PNT,2.1298,PNT,On going
83909357,21268746,180,5237.47173,COND BC840M68,Non AD conditioner,BC840M68-25 1.6TFS 1.7MSW 0.9Siri PTN,0.8401,PNT,On going
83909360,21268746,230,4098.742431,COND BC840M68,Non AD conditioner,BC840M68-25 1.6TFS 1.7MSW 0.9Siri PTN,1.0735,PNT,On going
83909361,21287753,40,11783.61007,COND BC840M68,Non AD conditioner,BC840M68-25 NaBz 2.1TAS 2FS 0.5Sil 0.9RL,0.3734,PNT,On going
83909363,21287753,70,6734.006734,COND BC840M68,Non AD conditioner,BC840M68-25 NaBz 2.1TAS 2FS 0.5Sil 0.9RL,0.6534,PNT,On going
83909364,21350259,160,5891.805035,COND BC840M68,Non AD conditioner,BC840M68-25 NaBz 2.1TAS 2FS 0.5Sil 0.9CK,0.7468,PNT,On going
83909368,21268746,70,6734.006734,COND BC840M68,Non AD conditioner,BC840M68-25 1.6TFS 1.7MSW 0.9Siri PTN,0.6534,PNT,On going
83909369,21287753,180,5237.47173,COND BC840M68,Non AD conditioner,BC840M68-25 NaBz 2.1TAS 2FS 0.5Sil 0.9RL,0.8401,PNT,On going
83909370,90435008,180,5237.47173,COND BC840M68,Non AD conditioner,BC840M68-25 KTN 4.1TFS 0.75RL PTN,0.8401,PNT,On going
21400053,21263997,470,24070.02188,SHM BC189T,Non AD shampoo,BC189T A20NP1510G05 KTN 1.1Siri PNT,0.1828,PTN,Pack
83909362,21268746,40,11783.61007,COND BC840M68,Non AD conditioner,BC840M68-25 1.6TFS 1.7MSW 0.9Siri PTN,0.3734,PNT,On going
83909367,21287753,230,4098.742431,COND BC840M68,Non AD conditioner,BC840M68-25 NaBz 2.1TAS 2FS 0.5Sil 0.9RL,1.0735,PNT,On going
83909358,90435008,40,11783.61007,COND BC840M68,Non AD conditioner,BC840M68-25 KTN 4.1TFS 0.75RL PTN,0.3734,PNT,On going
83902281,21406943,750,2589.301477,SHM GH140OT,PO shampoo,GH140o T+0.5H D2N20S08 0.3PO NaBz 0.7JA,1.6993,EC,HKTW
83909365,21287753,300,3236.722083,COND BC840M68,Non AD conditioner,BC840M68-25 NaBz 2.1TAS 2FS 0.5Sil 0.9RL,1.3594,PNT,On going
80883610,21427069,1000,1942.004678,SHM BC198O,Non AD shampoo,BC198G O1RP1510S125 NaSal 0.7MB,2.2657,EC,On going
83911500,21357193,470,2065.921683,SHM BC189H,Non AD shampoo,BC189H A17NKP301015G10S05 1.2CK PNT,2.1298,PTN,On going
83906914,21473859,470,2065.921683,SHM BC177N,PO shampoo,BC177N G1XJ152000 0.3PO 1.1SiriBA PNT,2.1298,PNT,On going
83906904,21459661,300,3236.722083,SHM BC189T,Non AD shampoo,BC189T A20NP1510G05 0.9OP PNT,1.3594,PNT,On going
83906909,21473859,300,3236.722083,SHM BC177N,PO shampoo,BC177N G1XJ152000 0.3PO 1.1SiriBA PNT,1.3594,PNT,On going
21470283,21406943,650,17922.60692,SHM GH140OT,PO shampoo,GH140o T+0.5H D2N20S08 0.3PO NaBz 0.7JA,0.2455,EC,PACK
83901258,21405750,780,2489.673513,SHM BC177N,PO shampoo,BC177N G1XJ151000 0.3PO NaSal 1.0NK RJ,1.7673,EC,HKTW
21516042,21350259,160,62857.14286,COND BC840M68,Non AD conditioner,BC840M68-25 NaBz 2.1TAS 2FS 0.5Sil 0.9CK,0.07,PNT,pack
83909661,21326292,290,6499.261448,SHM BC188S,PO shampoo,BC188 R+1B40S06 0.8PO 1.6SKM PCH,0.677,PTN,HKTW
83909584,90421251,180,5237,COND BC840M68,Non AD conditioner,BC840M68-25 KTN 4.5TFS 0.75RL PTN,0.8401,PNT,On going
83902276,21432367,750,2589,SHM BC177N,PO shampoo,BC177N G1XJ151000 0.3PO NaSal 0.6SC RJ,1.6993,EC,HKTW
83906913,21473650,300,3237,SHM BC177N,PO shampoo,BC177N G1XJ152000 0.3PO 0.9OP PNT,1.3594,PNT,On going
83902287,21406943,750,2589,SHM GH140OT,PO shampoo,GH140o T+0.5H D2N20S08 0.3PO NaBz 0.7JA,1.6993,EC,HKTW
80891038,21493169,470,2066,SHM BC189H,Non AD shampoo,BC189H A17NKP301015G10S05 0.8Redline PNT,2.1298,PNT,On going
80891041,21477439,300,3237,SHM BC189T,Non AD shampoo,BC189T A20NP1510G05 NaBz 1.1Siri PNT,1.3594,PNT,On going
83913958,21297317,40,11784,COND BC840M100,Non AD conditioner,BC840 M100-25 3.0TAS 0.25Slsf NaBz 0.7WR,0.3734,HR,FGOI
83913959,21297317,220,4285,COND BC840M100,Non AD conditioner,BC840 M100-25 3.0TAS 0.25Slsf NaBz 0.7WR,1.0268,HR,On going
83902297,21411939,780,2490,SHM BC177N,PO shampoo,BC177N G1XJ151000 0.3PO NaSal 0.65FL RJ,1.7673,EC,HKTW
83902280,21432367,400,2427,SHM BC177N,PO shampoo,BC177N G1XJ151000 0.3PO NaSal 0.6SC RJ,1.8126,EC,HKTW
21469016,21406943,200,56555,SHM GH140OT,PO shampoo,GH140o T+0.5H D2N20S08 0.3PO NaBz 0.7JA,0.0778,EC,pack
21469015,21427069,200,56555,SHM BC198O,Non AD shampoo,BC198G O1RP1510S125 NaSal 0.7MB,0.0778,EC,pack
80891039,21493169,300,3237,SHM BC189H,Non AD shampoo,BC189H A17NKP301015G10S05 0.8Redline PNT,1.3594,PNT,On going
83902279,21411939,400,2427,SHM BC177N,PO shampoo,BC177N G1XJ151000 0.3PO NaSal 0.65FL RJ,1.813,EC,HKTW
83902298,21427069,780,2490,SHM BC198O,Non AD shampoo,BC198G O1RP1510S125 NaSal 0.7MB,1.767,EC,HKTW
83902293,21432367,780,2490,SHM BC177N,PO shampoo,BC177N G1XJ151000 0.3PO NaSal 0.6SC RJ,1.767,EC,HKTW
83918523,21516102,400,2427,SHM GH140OT,PO shampoo,GH140o T D2N20S08 0.3PO NaBz 1.2MH,1.813,EC,On going
83918521,21506540,600,1618.301519,SHM BC198O,Non AD shampoo,BC198 O1RP1510S125 NaSal 1.0GF,2.7189,EC,On going
83902290,21406943,780,2489.673513,SHM GH140OT,PO shampoo,GH140o T+0.5H D2N20S08 0.3PO NaBz 0.7JA,1.7673,EC,HKTW
21511023,21493169,300,38834.95146,SHM BC189H,Non AD shampoo,BC189H A17NKP301015G10S05 0.8Redline PNT,0.1133,PNT,pack
83929606,21461837,300,3236.722083,SHM GH140OT,PO shampoo,GH140A B3X4000 0.5PO 1.7A 1.3DPT 0.3M,1.3594,HS,On going
83902273,21427069,750,2589.301477,SHM BC198O,Non AD shampoo,BC198G O1RP1510S125 NaSal 0.7MB,1.6993,EC,HKTW
83918527,21506645,500,1942.004678,SHM BC189H,Non AD shampoo,BC189T A20NP1510G05 S08 NaBz 1.0RW,2.2657,EC,On going
